"Time","dt_sound_level_dB"
2022-08-01 01:11:00,51
2022-08-01 01:13:00,55
2022-08-01 01:15:00,51
2022-08-01 01:17:00,52
2022-08-01 01:19:00,55
2022-08-01 01:21:00,50
2022-08-01 01:23:00,53
2022-08-01 01:25:00,49
2022-08-01 01:27:00,52
2022-08-01 01:29:00,52
2022-08-01 01:31:00,56
2022-08-01 02:39:00,47
2022-08-01 02:41:00,52
2022-08-01 02:43:00,52
2022-08-01 02:45:00,48
2022-08-01 02:47:00,52
2022-08-01 02:49:00,47
2022-08-01 02:51:00,53
2022-08-01 02:53:00,47
2022-08-01 02:55:00,49
2022-08-01 02:57:00,51
2022-08-01 02:59:00,47
2022-08-01 03:01:00,47
2022-08-01 03:03:00,48
2022-08-01 03:05:00,49
2022-08-01 03:07:00,52
2022-08-01 03:09:00,49
2022-08-01 03:11:00,49
2022-08-01 03:13:00,51
2022-08-01 03:15:00,51
2022-08-01 03:17:00,50
2022-08-01 03:19:00,52
2022-08-01 03:21:00,50
2022-08-01 03:23:00,49
2022-08-01 03:25:00,53
2022-08-01 03:27:00,56
2022-08-01 03:29:00,52
2022-08-01 03:31:00,55
2022-08-01 03:33:00,49
2022-08-01 03:35:00,54
2022-08-01 03:37:00,56
2022-08-01 03:39:00,54
2022-08-01 03:41:00,52
2022-08-01 03:43:00,52
2022-08-01 03:45:00,51
2022-08-01 03:47:00,52
2022-08-01 03:49:00,49
2022-08-01 03:51:00,51
2022-08-01 03:53:00,56
2022-08-01 03:55:00,49
2022-08-01 03:57:00,56
2022-08-01 03:59:00,51
2022-08-01 04:01:00,49
2022-08-01 04:03:00,51
2022-08-01 04:05:00,51
2022-08-01 04:07:00,54
2022-08-01 04:09:00,51
2022-08-01 04:11:00,51
2022-08-01 04:13:00,56
2022-08-01 04:15:00,56
2022-08-01 04:17:00,53
2022-08-01 04:19:00,53
2022-08-01 04:21:00,52
2022-08-01 04:23:00,50
2022-08-01 04:25:00,49
2022-08-01 04:27:00,56
2022-08-01 04:51:00,51
2022-08-01 04:53:00,54
2022-08-01 04:55:00,54
2022-08-01 04:57:00,51
2022-08-01 04:59:00,51
2022-08-01 05:01:00,50
2022-08-01 05:03:00,58
2022-08-01 05:05:00,51
2022-08-01 05:07:00,58
2022-08-01 05:09:00,54
2022-08-01 05:11:00,52
2022-08-01 05:57:00,56
2022-08-01 05:59:00,56
2022-08-01 06:01:00,53
2022-08-01 06:03:00,57
2022-08-01 06:05:00,56
2022-08-01 06:07:00,51
2022-08-01 06:09:00,56
2022-08-01 06:11:00,54
2022-08-01 06:13:00,58
2022-08-01 06:15:00,60
2022-08-01 06:17:00,59
2022-08-01 06:41:00,57
2022-08-01 06:43:00,56
2022-08-01 06:45:00,62
2022-08-01 06:47:00,56
2022-08-01 06:49:00,62
2022-08-01 06:51:00,61
2022-08-01 06:53:00,54
2022-08-01 06:55:00,58
2022-08-01 06:57:00,61
2022-08-01 06:59:00,60
2022-08-01 07:01:00,60
2022-08-01 07:25:00,63
2022-08-01 07:27:00,61
2022-08-01 07:29:00,60
2022-08-01 07:31:00,62
2022-08-01 07:33:00,58
2022-08-01 07:35:00,61
2022-08-01 07:37:00,64
2022-08-01 07:39:00,66
2022-08-01 07:41:00,61
2022-08-01 07:43:00,61
2022-08-01 07:45:00,59
2022-08-01 07:47:00,61
2022-08-01 07:49:00,63
2022-08-01 07:51:00,62
2022-08-01 07:53:00,60
2022-08-01 07:55:00,63
2022-08-01 07:57:00,62
2022-08-01 07:59:00,61
2022-08-01 08:01:00,62
2022-08-01 08:03:00,63
2022-08-01 08:05:00,59
2022-08-01 08:07:00,60
2022-08-01 08:09:00,60
2022-08-01 08:11:00,59
2022-08-01 08:13:00,62
2022-08-01 08:15:00,60
2022-08-01 08:17:00,61
2022-08-01 08:19:00,64
2022-08-01 08:21:00,62
2022-08-01 08:23:00,60
2022-08-01 08:25:00,60
2022-08-01 08:27:00,65
2022-08-01 08:29:00,62
2022-08-01 08:31:00,68
2022-08-01 08:33:00,62
2022-08-01 08:35:00,64
2022-08-01 08:37:00,63
2022-08-01 08:39:00,63
2022-08-01 08:41:00,60
2022-08-01 08:43:00,66
2022-08-01 08:45:00,63
2022-08-01 08:47:00,61
2022-08-01 08:49:00,66
2022-08-01 08:51:00,65
2022-08-01 08:53:00,62
2022-08-01 08:55:00,66
2022-08-01 08:57:00,64
2022-08-01 08:59:00,64
2022-08-01 09:01:00,64
2022-08-01 09:03:00,65
2022-08-01 09:05:00,62
2022-08-01 09:07:00,62
2022-08-01 09:09:00,61
2022-08-01 09:11:00,62
2022-08-01 09:13:00,64
2022-08-01 09:15:00,61
2022-08-01 09:17:00,64
2022-08-01 09:19:00,63
2022-08-01 09:21:00,61
2022-08-01 09:23:00,63
2022-08-01 09:25:00,62
2022-08-01 09:27:00,61
2022-08-01 09:29:00,64
2022-08-01 09:31:00,64
2022-08-01 09:33:00,61
2022-08-01 09:35:00,61
2022-08-01 09:37:00,66
2022-08-01 09:39:00,62
2022-08-01 09:41:00,61
2022-08-01 09:43:00,64
2022-08-01 09:45:00,62
2022-08-01 09:47:00,60
2022-08-01 09:49:00,66
2022-08-01 09:51:00,62
2022-08-01 09:53:00,61
2022-08-01 09:55:00,63
2022-08-01 09:57:00,62
2022-08-01 10:21:00,63
2022-08-01 10:23:00,65
2022-08-01 10:25:00,63
2022-08-01 10:27:00,60
2022-08-01 10:29:00,60
2022-08-01 10:31:00,66
2022-08-01 10:33:00,59
2022-08-01 10:35:00,64
2022-08-01 10:37:00,64
2022-08-01 10:39:00,62
2022-08-01 10:41:00,62
2022-08-01 13:48:00,61
2022-08-01 13:50:00,61
2022-08-01 13:52:00,61
2022-08-01 13:54:00,63
2022-08-01 13:56:00,59
2022-08-01 13:58:00,63
2022-08-01 14:00:00,65
2022-08-01 14:02:00,60
2022-08-01 14:04:00,61
2022-08-01 14:06:00,62
2022-08-01 14:08:00,61
2022-08-01 15:16:00,61
2022-08-01 15:18:00,65
2022-08-01 15:20:00,64
2022-08-01 15:22:00,65
2022-08-01 15:24:00,60
2022-08-01 15:26:00,63
2022-08-01 15:28:00,63
2022-08-01 15:30:00,65
2022-08-01 15:32:00,59
2022-08-01 15:34:00,62
2022-08-01 15:36:00,61
2022-08-01 15:38:00,61
2022-08-01 15:40:00,61
2022-08-01 15:42:00,63
2022-08-01 15:44:00,62
2022-08-01 15:46:00,62
2022-08-01 15:48:00,62
2022-08-01 15:50:00,63
2022-08-01 15:52:00,63
2022-08-01 15:54:00,62
2022-08-01 15:56:00,62
2022-08-01 15:58:00,63
2022-08-01 17:50:00,62
2022-08-01 17:52:00,61
2022-08-01 17:54:00,59
2022-08-01 17:56:00,63
2022-08-01 17:58:00,58
2022-08-01 18:00:00,62
2022-08-01 18:02:00,62
2022-08-01 18:04:00,60
2022-08-01 18:06:00,64
2022-08-01 18:08:00,63
2022-08-01 18:10:00,63
2022-08-01 18:56:00,58
2022-08-01 18:58:00,61
2022-08-01 19:00:00,58
2022-08-01 19:02:00,59
2022-08-01 19:04:00,60
2022-08-01 19:06:00,62
2022-08-01 19:08:00,61
2022-08-01 19:10:00,62
2022-08-01 19:12:00,60
2022-08-01 19:14:00,61
2022-08-01 19:16:00,61
2022-08-01 19:18:00,58
2022-08-01 19:20:00,62
2022-08-01 19:22:00,59
2022-08-01 19:24:00,62
2022-08-01 19:26:00,60
2022-08-01 19:28:00,62
2022-08-01 19:30:00,60
2022-08-01 19:32:00,65
2022-08-01 19:34:00,64
2022-08-01 19:36:00,61
2022-08-01 19:38:00,61
2022-08-01 19:40:00,58
2022-08-01 19:42:00,58
2022-08-01 19:44:00,58
2022-08-01 19:46:00,63
2022-08-01 19:48:00,61
2022-08-01 19:50:00,59
2022-08-01 19:52:00,61
2022-08-01 19:54:00,57
2022-08-01 19:56:00,59
2022-08-01 19:58:00,57
2022-08-01 20:00:00,63
2022-08-01 20:02:00,59
2022-08-01 20:04:00,61
2022-08-01 20:06:00,58
2022-08-01 20:08:00,61
2022-08-01 20:10:00,58
2022-08-01 20:12:00,60
2022-08-01 20:14:00,58
2022-08-01 20:16:00,59
2022-08-01 20:18:00,57
2022-08-01 20:20:00,58
2022-08-01 20:22:00,60
2022-08-01 21:30:00,63
2022-08-01 21:32:00,54
2022-08-01 21:34:00,56
2022-08-01 21:36:00,59
2022-08-01 21:38:00,56
2022-08-01 21:40:00,55
2022-08-01 21:42:00,59
2022-08-01 21:44:00,59
2022-08-01 21:46:00,62
2022-08-01 21:48:00,60
2022-08-01 21:50:00,56
2022-08-01 22:14:00,58
2022-08-01 22:16:00,56
2022-08-01 22:18:00,58
2022-08-01 22:20:00,57
2022-08-01 22:22:00,52
2022-08-01 22:24:00,56
2022-08-01 22:26:00,57
2022-08-01 22:28:00,54
2022-08-01 22:30:00,56
2022-08-01 22:32:00,55
2022-08-01 22:34:00,51
2022-08-01 23:42:00,56
2022-08-01 23:44:00,54
2022-08-01 23:46:00,54
2022-08-01 23:48:00,58
2022-08-01 23:50:00,52
2022-08-01 23:52:00,52
2022-08-01 23:54:00,62
2022-08-01 23:56:00,59
2022-08-01 23:58:00,57
2022-08-02 00:00:00,51
2022-08-02 00:02:00,49
2022-08-02 01:10:00,50
2022-08-02 01:12:00,49
2022-08-02 01:14:00,47
2022-08-02 01:16:00,48
2022-08-02 01:18:00,54
2022-08-02 01:20:00,49
2022-08-02 01:22:00,50
2022-08-02 01:24:00,50
2022-08-02 01:26:00,50
2022-08-02 01:28:00,53
2022-08-02 01:30:00,47
2022-08-02 01:32:00,51
2022-08-02 01:34:00,46
2022-08-02 01:36:00,46
2022-08-02 01:38:00,49
2022-08-02 01:40:00,48
2022-08-02 01:42:00,52
2022-08-02 01:44:00,53
2022-08-02 01:46:00,48
2022-08-02 01:48:00,46
2022-08-02 01:50:00,50
2022-08-02 01:52:00,51
2022-08-02 03:00:00,60
2022-08-02 03:02:00,59
2022-08-02 03:04:00,56
2022-08-02 03:06:00,61
2022-08-02 03:08:00,51
2022-08-02 03:10:00,54
2022-08-02 03:12:00,54
2022-08-02 03:14:00,52
2022-08-02 03:16:00,57
2022-08-02 03:18:00,48
2022-08-02 03:20:00,50
2022-08-02 04:06:00,50
2022-08-02 04:08:00,49
2022-08-02 04:10:00,52
2022-08-02 04:12:00,61
2022-08-02 04:14:00,51
2022-08-02 04:16:00,61
2022-08-02 04:18:00,53
2022-08-02 04:20:00,57
2022-08-02 04:22:00,53
2022-08-02 04:24:00,51
2022-08-02 04:26:00,47
2022-08-02 04:50:00,53
2022-08-02 04:52:00,56
2022-08-02 04:54:00,48
2022-08-02 04:56:00,54
2022-08-02 04:58:00,52
2022-08-02 05:00:00,49
2022-08-02 05:02:00,55
2022-08-02 05:04:00,49
2022-08-02 05:06:00,49
2022-08-02 05:08:00,57
2022-08-02 05:10:00,57
2022-08-02 05:12:00,51
2022-08-02 05:14:00,54
2022-08-02 05:16:00,49
2022-08-02 05:18:00,52
2022-08-02 05:20:00,56
2022-08-02 05:22:00,62
2022-08-02 05:24:00,51
2022-08-02 05:26:00,52
2022-08-02 05:28:00,62
2022-08-02 05:30:00,60
2022-08-02 05:32:00,55
2022-08-02 05:34:00,57
2022-08-02 05:36:00,50
2022-08-02 05:38:00,58
2022-08-02 05:40:00,54
2022-08-02 05:42:00,53
2022-08-02 05:44:00,61
2022-08-02 05:46:00,63
2022-08-02 05:48:00,61
2022-08-02 05:50:00,56
2022-08-02 05:52:00,59
2022-08-02 05:54:00,59
2022-08-02 05:56:00,56
2022-08-02 05:58:00,60
2022-08-02 06:00:00,58
2022-08-02 06:02:00,59
2022-08-02 06:04:00,53
2022-08-02 06:06:00,64
2022-08-02 06:08:00,58
2022-08-02 06:10:00,61
2022-08-02 06:12:00,61
2022-08-02 06:14:00,63
2022-08-02 06:16:00,59
2022-08-02 07:24:00,63
2022-08-02 07:26:00,62
2022-08-02 07:28:00,64
2022-08-02 07:30:00,62
2022-08-02 07:32:00,61
2022-08-02 07:34:00,61
2022-08-02 07:36:00,61
2022-08-02 07:38:00,60
2022-08-02 07:40:00,64
2022-08-02 07:42:00,65
2022-08-02 07:44:00,64
2022-08-02 07:46:00,65
2022-08-02 07:48:00,66
2022-08-02 07:50:00,60
2022-08-02 07:52:00,65
2022-08-02 07:54:00,60
2022-08-02 07:56:00,60
2022-08-02 07:58:00,64
2022-08-02 08:00:00,61
2022-08-02 08:02:00,61
2022-08-02 08:04:00,63
2022-08-02 08:06:00,61
2022-08-02 09:15:00,62
2022-08-02 09:17:00,64
2022-08-02 09:19:00,65
2022-08-02 09:21:00,62
2022-08-02 09:23:00,62
2022-08-02 09:25:00,58
2022-08-02 09:27:00,62
2022-08-02 09:29:00,63
2022-08-02 09:31:00,59
2022-08-02 09:33:00,62
2022-08-02 09:35:00,60
2022-08-02 09:37:00,64
2022-08-02 09:39:00,62
2022-08-02 09:41:00,64
2022-08-02 09:43:00,61
2022-08-02 09:45:00,59
2022-08-02 09:47:00,65
2022-08-02 09:49:00,62
2022-08-02 09:51:00,59
2022-08-02 09:53:00,61
2022-08-02 09:55:00,57
2022-08-02 09:57:00,60
2022-08-02 11:05:00,58
2022-08-02 11:07:00,62
2022-08-02 11:09:00,66
2022-08-02 11:11:00,63
2022-08-02 11:13:00,65
2022-08-02 11:15:00,63
2022-08-02 11:17:00,66
2022-08-02 11:19:00,66
2022-08-02 11:21:00,61
2022-08-02 11:23:00,61
2022-08-02 11:25:00,67
2022-08-02 12:33:00,65
2022-08-02 12:35:00,64
2022-08-02 12:37:00,63
2022-08-02 12:39:00,62
2022-08-02 12:41:00,60
2022-08-02 12:43:00,61
2022-08-02 12:45:00,64
2022-08-02 12:47:00,61
2022-08-02 12:49:00,67
2022-08-02 12:51:00,66
2022-08-02 12:53:00,64
2022-08-02 13:39:00,63
2022-08-02 13:41:00,59
2022-08-02 13:43:00,63
2022-08-02 13:45:00,64
2022-08-02 13:47:00,60
2022-08-02 13:49:00,66
2022-08-02 13:51:00,64
2022-08-02 13:53:00,65
2022-08-02 13:55:00,60
2022-08-02 13:57:00,63
2022-08-02 13:59:00,58
2022-08-02 16:13:00,63
2022-08-02 16:15:00,63
2022-08-02 16:17:00,56
2022-08-02 16:19:00,61
2022-08-02 16:21:00,61
2022-08-02 16:23:00,62
2022-08-02 16:25:00,62
2022-08-02 16:27:00,64
2022-08-02 16:29:00,63
2022-08-02 16:31:00,62
2022-08-02 16:33:00,62
2022-08-02 16:35:00,63
2022-08-02 16:37:00,62
2022-08-02 16:39:00,62
2022-08-02 16:41:00,62
2022-08-02 16:43:00,63
2022-08-02 16:45:00,63
2022-08-02 16:47:00,65
2022-08-02 16:49:00,61
2022-08-02 16:51:00,66
2022-08-02 16:53:00,65
2022-08-02 16:55:00,59
2022-08-02 19:53:00,60
2022-08-02 19:55:00,59
2022-08-02 19:57:00,61
2022-08-02 19:59:00,58
2022-08-02 20:01:00,58
2022-08-02 20:03:00,65
2022-08-02 20:05:00,63
2022-08-02 20:07:00,61
2022-08-02 20:09:00,63
2022-08-02 20:11:00,61
2022-08-02 20:13:00,62
2022-08-02 20:15:00,57
2022-08-02 20:17:00,64
2022-08-02 20:19:00,58
2022-08-02 20:21:00,65
2022-08-02 20:23:00,61
2022-08-02 20:25:00,61
2022-08-02 20:27:00,58
2022-08-02 20:29:00,60
2022-08-02 20:31:00,64
2022-08-02 20:33:00,62
2022-08-02 20:35:00,63
2022-08-02 20:59:00,57
2022-08-02 21:01:00,57
2022-08-02 21:03:00,63
2022-08-02 21:05:00,61
2022-08-02 21:07:00,63
2022-08-02 21:09:00,64
2022-08-02 21:11:00,64
2022-08-02 21:13:00,58
2022-08-02 21:15:00,60
2022-08-02 21:17:00,58
2022-08-02 21:19:00,62
2022-08-02 21:43:00,58
2022-08-02 21:45:00,58
2022-08-02 21:47:00,59
2022-08-02 21:49:00,52
2022-08-02 21:51:00,61
2022-08-02 21:53:00,55
2022-08-02 21:55:00,58
2022-08-02 21:57:00,56
2022-08-02 21:59:00,59
2022-08-02 22:01:00,57
2022-08-02 22:03:00,61
2022-08-02 22:27:00,59
2022-08-02 22:29:00,57
2022-08-02 22:31:00,55
2022-08-02 22:33:00,59
2022-08-02 22:35:00,56
2022-08-02 22:37:00,56
2022-08-02 22:39:00,62
2022-08-02 22:41:00,56
2022-08-02 22:43:00,55
2022-08-02 22:45:00,56
2022-08-02 22:47:00,55
2022-08-03 00:17:00,55
2022-08-03 00:19:00,55
2022-08-03 00:21:00,55
2022-08-03 00:23:00,58
2022-08-03 00:25:00,51
2022-08-03 00:27:00,55
2022-08-03 00:29:00,55
2022-08-03 00:31:00,55
2022-08-03 00:33:00,52
2022-08-03 00:35:00,47
2022-08-03 00:37:00,51
2022-08-03 01:01:00,52
2022-08-03 01:03:00,54
2022-08-03 01:05:00,48
2022-08-03 01:07:00,49
2022-08-03 01:09:00,53
2022-08-03 01:11:00,51
2022-08-03 01:13:00,56
2022-08-03 01:15:00,52
2022-08-03 01:17:00,54
2022-08-03 01:19:00,54
2022-08-03 01:21:00,49
2022-08-03 01:23:00,54
2022-08-03 01:25:00,46
2022-08-03 01:27:00,48
2022-08-03 01:29:00,53
2022-08-03 01:31:00,46
2022-08-03 01:33:00,51
2022-08-03 01:35:00,49
2022-08-03 01:37:00,54
2022-08-03 01:39:00,50
2022-08-03 01:41:00,49
2022-08-03 01:43:00,55
2022-08-03 01:45:00,56
2022-08-03 01:47:00,52
2022-08-03 01:49:00,58
2022-08-03 01:51:00,49
2022-08-03 01:53:00,55
2022-08-03 01:55:00,47
2022-08-03 01:57:00,51
2022-08-03 01:59:00,50
2022-08-03 02:01:00,52
2022-08-03 02:03:00,50
2022-08-03 02:05:00,49
2022-08-03 02:51:00,51
2022-08-03 02:53:00,53
2022-08-03 02:55:00,49
2022-08-03 02:57:00,49
2022-08-03 02:59:00,51
2022-08-03 03:01:00,54
2022-08-03 03:03:00,50
2022-08-03 03:05:00,58
2022-08-03 03:07:00,54
2022-08-03 03:09:00,50
2022-08-03 03:11:00,52
2022-08-03 08:43:00,64
2022-08-03 08:45:00,63
2022-08-03 08:47:00,63
2022-08-03 08:49:00,62
2022-08-03 08:51:00,63
2022-08-03 08:53:00,61
2022-08-03 08:55:00,64
2022-08-03 08:57:00,64
2022-08-03 08:59:00,62
2022-08-03 09:01:00,60
2022-08-03 09:03:00,65
2022-08-03 09:05:00,67
2022-08-03 09:07:00,64
2022-08-03 09:09:00,62
2022-08-03 09:11:00,63
2022-08-03 09:13:00,62
2022-08-03 09:15:00,63
2022-08-03 09:17:00,60
2022-08-03 09:19:00,65
2022-08-03 09:21:00,63
2022-08-03 09:23:00,60
2022-08-03 09:25:00,61
2022-08-03 09:49:00,61
2022-08-03 09:51:00,62
2022-08-03 09:53:00,61
2022-08-03 09:55:00,62
2022-08-03 09:57:00,63
2022-08-03 09:59:00,62
2022-08-03 10:01:00,61
2022-08-03 10:03:00,64
2022-08-03 10:05:00,66
2022-08-03 10:07:00,66
2022-08-03 10:09:00,60
2022-08-03 11:17:00,67
2022-08-03 11:19:00,64
2022-08-03 11:21:00,67
2022-08-03 11:23:00,67
2022-08-03 11:25:00,65
2022-08-03 11:27:00,75
2022-08-03 11:29:00,64
2022-08-03 11:31:00,71
2022-08-03 11:33:00,64
2022-08-03 11:35:00,65
2022-08-03 11:37:00,64
2022-08-03 11:39:00,67
2022-08-03 11:41:00,68
2022-08-03 11:43:00,63
2022-08-03 11:45:00,67
2022-08-03 11:47:00,67
2022-08-03 11:49:00,60
2022-08-03 11:51:00,63
2022-08-03 11:53:00,66
2022-08-03 11:55:00,57
2022-08-03 11:57:00,61
2022-08-03 11:59:00,62
2022-08-03 12:23:00,66
2022-08-03 12:25:00,64
2022-08-03 12:27:00,66
2022-08-03 12:29:00,61
2022-08-03 12:31:00,59
2022-08-03 12:33:00,57
2022-08-03 12:35:00,68
2022-08-03 12:37:00,61
2022-08-03 12:39:00,62
2022-08-03 12:41:00,63
2022-08-03 12:43:00,62
2022-08-03 12:45:00,70
2022-08-03 12:47:00,65
2022-08-03 12:49:00,64
2022-08-03 12:51:00,62
2022-08-03 12:53:00,66
2022-08-03 12:55:00,67
2022-08-03 12:57:00,71
2022-08-03 12:59:00,64
2022-08-03 13:01:00,61
2022-08-03 13:03:00,65
2022-08-03 13:05:00,67
2022-08-03 15:19:00,69
2022-08-03 15:21:00,66
2022-08-03 15:23:00,66
2022-08-03 15:25:00,63
2022-08-03 15:27:00,62
2022-08-03 15:29:00,64
2022-08-03 15:31:00,65
2022-08-03 15:33:00,62
2022-08-03 15:35:00,68
2022-08-03 15:37:00,66
2022-08-03 15:39:00,68
2022-08-03 17:09:00,62
2022-08-03 17:11:00,67
2022-08-03 17:13:00,61
2022-08-03 17:15:00,66
2022-08-03 17:17:00,61
2022-08-03 17:19:00,65
2022-08-03 17:21:00,69
2022-08-03 17:23:00,67
2022-08-03 17:25:00,73
2022-08-03 17:27:00,65
2022-08-03 17:29:00,69
2022-08-03 18:15:00,69
2022-08-03 18:17:00,63
2022-08-03 18:19:00,70
2022-08-03 18:21:00,65
2022-08-03 18:23:00,66
2022-08-03 18:25:00,67
2022-08-03 18:27:00,64
2022-08-03 18:29:00,62
2022-08-03 18:31:00,65
2022-08-03 18:33:00,67
2022-08-03 18:35:00,60
2022-08-03 18:37:00,63
2022-08-03 18:39:00,66
2022-08-03 18:41:00,67
2022-08-03 18:43:00,70
2022-08-03 18:45:00,65
2022-08-03 18:47:00,65
2022-08-03 18:49:00,64
2022-08-03 18:51:00,65
2022-08-03 18:53:00,65
2022-08-03 18:55:00,65
2022-08-03 18:57:00,64
2022-08-03 20:49:00,60
2022-08-03 20:51:00,57
2022-08-03 20:53:00,54
2022-08-03 20:55:00,58
2022-08-03 20:57:00,55
2022-08-03 20:59:00,59
2022-08-03 21:01:00,60
2022-08-03 21:03:00,57
2022-08-03 21:05:00,56
2022-08-03 21:07:00,62
2022-08-03 21:09:00,60
2022-08-03 21:11:00,59
2022-08-03 21:13:00,58
2022-08-03 21:15:00,55
2022-08-03 21:17:00,55
2022-08-03 21:19:00,60
2022-08-03 21:21:00,56
2022-08-03 21:23:00,57
2022-08-03 21:25:00,57
2022-08-03 21:27:00,53
2022-08-03 21:29:00,56
2022-08-03 21:31:00,57
2022-08-03 23:01:00,56
2022-08-03 23:03:00,56
2022-08-03 23:05:00,54
2022-08-03 23:07:00,57
2022-08-03 23:09:00,57
2022-08-03 23:11:00,54
2022-08-03 23:13:00,57
2022-08-03 23:15:00,55
2022-08-03 23:17:00,56
2022-08-03 23:19:00,57
2022-08-03 23:21:00,57
2022-08-03 23:45:00,58
2022-08-03 23:47:00,58
2022-08-03 23:49:00,50
2022-08-03 23:51:00,55
2022-08-03 23:53:00,54
2022-08-03 23:55:00,49
2022-08-03 23:57:00,53
2022-08-03 23:59:00,54
2022-08-04 00:01:00,55
2022-08-04 00:03:00,56
2022-08-04 00:05:00,56
2022-08-04 00:29:00,53
2022-08-04 00:31:00,52
2022-08-04 00:33:00,52
2022-08-04 00:35:00,51
2022-08-04 00:37:00,54
2022-08-04 00:39:00,54
2022-08-04 00:41:00,55
2022-08-04 00:43:00,52
2022-08-04 00:45:00,52
2022-08-04 00:47:00,50
2022-08-04 00:49:00,55
2022-08-04 03:26:00,48
2022-08-04 03:28:00,49
2022-08-04 03:30:00,49
2022-08-04 03:32:00,50
2022-08-04 03:34:00,51
2022-08-04 03:36:00,51
2022-08-04 03:38:00,46
2022-08-04 03:40:00,53
2022-08-04 03:42:00,51
2022-08-04 03:44:00,48
2022-08-04 03:46:00,49
2022-08-04 03:48:00,48
2022-08-04 03:50:00,51
2022-08-04 03:52:00,51
2022-08-04 03:54:00,47
2022-08-04 03:56:00,49
2022-08-04 03:58:00,50
2022-08-04 04:00:00,50
2022-08-04 04:02:00,50
2022-08-04 04:04:00,54
2022-08-04 04:06:00,49
2022-08-04 04:08:00,47
2022-08-04 05:16:00,52
2022-08-04 05:18:00,54
2022-08-04 05:20:00,49
2022-08-04 05:22:00,54
2022-08-04 05:24:00,53
2022-08-04 05:26:00,54
2022-08-04 05:28:00,47
2022-08-04 05:30:00,53
2022-08-04 05:32:00,54
2022-08-04 05:34:00,52
2022-08-04 05:36:00,56
2022-08-04 07:50:00,64
2022-08-04 07:52:00,61
2022-08-04 07:54:00,63
2022-08-04 07:56:00,63
2022-08-04 07:58:00,61
2022-08-04 08:00:00,64
2022-08-04 08:02:00,64
2022-08-04 08:04:00,59
2022-08-04 08:06:00,61
2022-08-04 08:08:00,62
2022-08-04 08:10:00,61
2022-08-04 08:34:00,59
2022-08-04 08:36:00,61
2022-08-04 08:38:00,65
2022-08-04 08:40:00,62
2022-08-04 08:42:00,63
2022-08-04 08:44:00,65
2022-08-04 08:46:00,61
2022-08-04 08:48:00,62
2022-08-04 08:50:00,66
2022-08-04 08:52:00,60
2022-08-04 08:54:00,63
2022-08-04 09:18:00,62
2022-08-04 09:20:00,62
2022-08-04 09:22:00,61
2022-08-04 09:24:00,66
2022-08-04 09:26:00,62
2022-08-04 09:28:00,66
2022-08-04 09:30:00,68
2022-08-04 09:32:00,65
2022-08-04 09:34:00,66
2022-08-04 09:36:00,65
2022-08-04 09:38:00,60
2022-08-04 12:36:00,63
2022-08-04 12:38:00,60
2022-08-04 12:40:00,69
2022-08-04 12:42:00,65
2022-08-04 12:44:00,69
2022-08-04 12:46:00,74
2022-08-04 12:48:00,66
2022-08-04 12:50:00,64
2022-08-04 12:52:00,67
2022-08-04 12:54:00,66
2022-08-04 12:56:00,61
2022-08-04 12:58:00,64
2022-08-04 13:00:00,63
2022-08-04 13:02:00,65
2022-08-04 13:04:00,64
2022-08-04 13:06:00,68
2022-08-04 13:08:00,64
2022-08-04 13:10:00,72
2022-08-04 13:12:00,67
2022-08-04 13:14:00,59
2022-08-04 13:16:00,64
2022-08-04 13:18:00,62
2022-08-04 14:04:00,67
2022-08-04 14:06:00,65
2022-08-04 14:08:00,73
2022-08-04 14:10:00,67
2022-08-04 14:12:00,65
2022-08-04 14:14:00,63
2022-08-04 14:16:00,70
2022-08-04 14:18:00,71
2022-08-04 14:20:00,62
2022-08-04 14:22:00,64
2022-08-04 14:24:00,66
2022-08-04 14:48:00,65
2022-08-04 14:50:00,68
2022-08-04 14:52:00,62
2022-08-04 14:54:00,65
2022-08-04 14:56:00,62
2022-08-04 14:58:00,69
2022-08-04 15:00:00,65
2022-08-04 15:02:00,63
2022-08-04 15:04:00,69
2022-08-04 15:06:00,72
2022-08-04 15:08:00,70
2022-08-04 15:32:00,70
2022-08-04 15:34:00,68
2022-08-04 15:36:00,70
2022-08-04 15:38:00,66
2022-08-04 15:40:00,64
2022-08-04 15:42:00,64
2022-08-04 15:44:00,64
2022-08-04 15:46:00,66
2022-08-04 15:48:00,65
2022-08-04 15:50:00,65
2022-08-04 15:52:00,61
2022-08-04 16:16:00,63
2022-08-04 16:18:00,65
2022-08-04 16:20:00,67
2022-08-04 16:22:00,66
2022-08-04 16:24:00,66
2022-08-04 16:26:00,62
2022-08-04 16:28:00,67
2022-08-04 16:30:00,65
2022-08-04 16:32:00,67
2022-08-04 16:34:00,67
2022-08-04 16:36:00,71
2022-08-04 17:00:00,69
2022-08-04 17:02:00,66
2022-08-04 17:04:00,61
2022-08-04 17:06:00,67
2022-08-04 17:08:00,75
2022-08-04 17:10:00,61
2022-08-04 17:12:00,67
2022-08-04 17:14:00,70
2022-08-04 17:16:00,72
2022-08-04 17:18:00,65
2022-08-04 17:20:00,69
2022-08-04 17:22:00,68
2022-08-04 17:24:00,74
2022-08-04 17:26:00,66
2022-08-04 17:28:00,77
2022-08-04 17:30:00,67
2022-08-04 17:32:00,67
2022-08-04 17:34:00,65
2022-08-04 17:36:00,68
2022-08-04 17:38:00,67
2022-08-04 17:40:00,63
2022-08-04 17:42:00,66
2022-08-04 18:06:00,64
2022-08-04 18:08:00,73
2022-08-04 18:10:00,65
2022-08-04 18:12:00,68
2022-08-04 18:14:00,67
2022-08-04 18:16:00,70
2022-08-04 18:18:00,64
2022-08-04 18:20:00,63
2022-08-04 18:22:00,64
2022-08-04 18:24:00,67
2022-08-04 18:26:00,63
2022-08-04 18:50:00,65
2022-08-04 18:52:00,62
2022-08-04 18:54:00,65
2022-08-04 18:56:00,67
2022-08-04 18:58:00,61
2022-08-04 19:00:00,65
2022-08-04 19:02:00,63
2022-08-04 19:04:00,66
2022-08-04 19:06:00,68
2022-08-04 19:08:00,64
2022-08-04 19:10:00,64
2022-08-04 21:02:00,65
2022-08-04 21:04:00,61
2022-08-04 21:06:00,60
2022-08-04 21:08:00,63
2022-08-04 21:10:00,59
2022-08-04 21:12:00,58
2022-08-04 21:14:00,60
2022-08-04 21:16:00,62
2022-08-04 21:18:00,56
2022-08-04 21:20:00,59
2022-08-04 21:22:00,68
2022-08-04 21:24:00,57
2022-08-04 21:26:00,60
2022-08-04 21:28:00,62
2022-08-04 21:30:00,61
2022-08-04 21:32:00,58
2022-08-04 21:34:00,62
2022-08-04 21:36:00,59
2022-08-04 21:38:00,59
2022-08-04 21:40:00,60
2022-08-04 21:42:00,63
2022-08-04 21:44:00,55
2022-08-04 22:52:00,58
2022-08-04 22:54:00,58
2022-08-04 22:56:00,59
2022-08-04 22:58:00,59
2022-08-04 23:00:00,56
2022-08-04 23:02:00,58
2022-08-04 23:04:00,57
2022-08-04 23:06:00,57
2022-08-04 23:08:00,56
2022-08-04 23:10:00,58
2022-08-04 23:12:00,57
2022-08-05 01:48:00,51
2022-08-05 01:50:00,50
2022-08-05 01:52:00,54
2022-08-05 01:54:00,50
2022-08-05 01:56:00,51
2022-08-05 01:58:00,56
2022-08-05 02:00:00,47
2022-08-05 02:02:00,46
2022-08-05 02:04:00,53
2022-08-05 02:06:00,55
2022-08-05 02:08:00,46
2022-08-05 02:54:00,49
2022-08-05 02:56:00,50
2022-08-05 02:58:00,48
2022-08-05 03:00:00,53
2022-08-05 03:02:00,53
2022-08-05 03:04:00,47
2022-08-05 03:06:00,46
2022-08-05 03:08:00,48
2022-08-05 03:10:00,52
2022-08-05 03:12:00,50
2022-08-05 03:14:00,54
2022-08-05 03:16:00,51
2022-08-05 03:18:00,51
2022-08-05 03:20:00,54
2022-08-05 03:22:00,48
2022-08-05 03:24:00,53
2022-08-05 03:26:00,47
2022-08-05 03:28:00,55
2022-08-05 03:30:00,49
2022-08-05 03:32:00,48
2022-08-05 03:34:00,49
2022-08-05 03:36:00,56
2022-08-05 03:38:00,49
2022-08-05 03:40:00,47
2022-08-05 03:42:00,47
2022-08-05 03:44:00,50
2022-08-05 03:46:00,50
2022-08-05 03:48:00,46
2022-08-05 03:50:00,48
2022-08-05 03:52:00,48
2022-08-05 03:54:00,49
2022-08-05 03:56:00,48
2022-08-05 03:58:00,49
2022-08-05 05:06:00,58
2022-08-05 05:08:00,49
2022-08-05 05:10:00,52
2022-08-05 05:12:00,55
2022-08-05 05:14:00,50
2022-08-05 05:16:00,52
2022-08-05 05:18:00,55
2022-08-05 05:20:00,53
2022-08-05 05:22:00,54
2022-08-05 05:24:00,54
2022-08-05 05:26:00,49
2022-08-05 06:56:00,59
2022-08-05 06:58:00,58
2022-08-05 07:00:00,63
2022-08-05 07:02:00,56
2022-08-05 07:04:00,57
2022-08-05 07:06:00,59
2022-08-05 07:08:00,53
2022-08-05 07:10:00,62
2022-08-05 07:12:00,60
2022-08-05 07:14:00,57
2022-08-05 07:16:00,61
2022-08-05 07:40:00,62
2022-08-05 07:42:00,63
2022-08-05 07:44:00,60
2022-08-05 07:46:00,64
2022-08-05 07:48:00,63
2022-08-05 07:50:00,59
2022-08-05 07:52:00,67
2022-08-05 07:54:00,61
2022-08-05 07:56:00,62
2022-08-05 07:58:00,63
2022-08-05 08:00:00,59
2022-08-05 08:24:00,61
2022-08-05 08:26:00,62
2022-08-05 08:28:00,63
2022-08-05 08:30:00,59
2022-08-05 08:32:00,63
2022-08-05 08:34:00,62
2022-08-05 08:36:00,65
2022-08-05 08:38:00,60
2022-08-05 08:40:00,64
2022-08-05 08:42:00,64
2022-08-05 08:44:00,62
2022-08-05 08:46:00,65
2022-08-05 08:48:00,64
2022-08-05 08:50:00,64
2022-08-05 08:52:00,66
2022-08-05 08:54:00,66
2022-08-05 08:56:00,65
2022-08-05 08:58:00,66
2022-08-05 09:00:00,65
2022-08-05 09:02:00,66
2022-08-05 09:04:00,65
2022-08-05 09:06:00,67
2022-08-05 09:30:00,65
2022-08-05 09:32:00,61
2022-08-05 09:34:00,66
2022-08-05 09:36:00,61
2022-08-05 09:38:00,62
2022-08-05 09:40:00,66
2022-08-05 09:42:00,59
2022-08-05 09:44:00,63
2022-08-05 09:46:00,64
2022-08-05 09:48:00,61
2022-08-05 09:50:00,60
2022-08-05 10:14:00,60
2022-08-05 10:16:00,64
2022-08-05 10:18:00,65
2022-08-05 10:20:00,63
2022-08-05 10:22:00,65
2022-08-05 10:24:00,67
2022-08-05 10:26:00,63
2022-08-05 10:28:00,62
2022-08-05 10:30:00,65
2022-08-05 10:32:00,60
2022-08-05 10:34:00,60
2022-08-05 11:20:00,59
2022-08-05 11:22:00,65
2022-08-05 11:24:00,64
2022-08-05 11:26:00,60
2022-08-05 11:28:00,60
2022-08-05 11:30:00,64
2022-08-05 11:32:00,61
2022-08-05 11:34:00,61
2022-08-05 11:36:00,64
2022-08-05 11:38:00,62
2022-08-05 11:40:00,65
2022-08-05 13:10:00,65
2022-08-05 13:12:00,67
2022-08-05 13:14:00,62
2022-08-05 13:16:00,62
2022-08-05 13:18:00,65
2022-08-05 13:20:00,63
2022-08-05 13:22:00,61
2022-08-05 13:24:00,67
2022-08-05 13:26:00,65
2022-08-05 13:28:00,81
2022-08-05 13:30:00,66
2022-08-05 13:32:00,64
2022-08-05 13:34:00,63
2022-08-05 13:36:00,66
2022-08-05 13:38:00,66
2022-08-05 13:40:00,64
2022-08-05 13:42:00,66
2022-08-05 13:44:00,67
2022-08-05 13:46:00,66
2022-08-05 13:48:00,63
2022-08-05 13:50:00,63
2022-08-05 13:52:00,63
2022-08-05 13:54:00,67
2022-08-05 13:56:00,64
2022-08-05 13:58:00,72
2022-08-05 14:00:00,75
2022-08-05 14:02:00,65
2022-08-05 14:04:00,67
2022-08-05 14:06:00,66
2022-08-05 14:08:00,63
2022-08-05 14:10:00,63
2022-08-05 14:12:00,68
2022-08-05 14:14:00,64
2022-08-05 15:22:00,68
2022-08-05 15:24:00,65
2022-08-05 15:26:00,64
2022-08-05 15:28:00,69
2022-08-05 15:30:00,64
2022-08-05 15:32:00,61
2022-08-05 15:34:00,66
2022-08-05 15:36:00,69
2022-08-05 15:38:00,65
2022-08-05 15:40:00,64
2022-08-05 15:42:00,68
2022-08-05 15:44:00,63
2022-08-05 15:46:00,65
2022-08-05 15:48:00,67
2022-08-05 15:50:00,61
2022-08-05 15:52:00,66
2022-08-05 15:54:00,65
2022-08-05 15:56:00,66
2022-08-05 15:58:00,70
2022-08-05 16:00:00,62
2022-08-05 16:02:00,65
2022-08-05 16:04:00,70
2022-08-05 16:50:00,63
2022-08-05 16:52:00,64
2022-08-05 16:54:00,63
2022-08-05 16:56:00,63
2022-08-05 16:58:00,65
2022-08-05 17:00:00,67
2022-08-05 17:02:00,64
2022-08-05 17:04:00,62
2022-08-05 17:06:00,63
2022-08-05 17:08:00,68
2022-08-05 17:10:00,67
2022-08-05 17:12:00,71
2022-08-05 17:14:00,62
2022-08-05 17:16:00,63
2022-08-05 17:18:00,63
2022-08-05 17:20:00,67
2022-08-05 17:22:00,67
2022-08-05 17:24:00,64
2022-08-05 17:26:00,64
2022-08-05 17:28:00,64
2022-08-05 17:30:00,65
2022-08-05 17:32:00,64
2022-08-05 17:35:00,68
2022-08-05 17:36:00,66
2022-08-05 17:38:00,63
2022-08-05 17:40:00,62
2022-08-05 17:42:00,66
2022-08-05 17:44:00,66
2022-08-05 17:46:00,62
2022-08-05 17:48:00,65
2022-08-05 17:50:00,68
2022-08-05 17:52:00,66
2022-08-05 17:54:00,67
2022-08-05 17:56:00,63
2022-08-05 17:58:00,65
2022-08-05 18:01:00,64
2022-08-05 18:02:00,64
2022-08-05 18:04:00,65
2022-08-05 18:07:00,66
2022-08-05 18:09:00,66
2022-08-05 18:10:00,68
2022-08-05 18:12:00,67
2022-08-05 18:14:00,65
2022-08-05 18:16:00,65
2022-08-05 18:18:00,69
2022-08-05 18:20:00,66
2022-08-05 18:22:00,64
2022-08-05 18:24:00,64
2022-08-05 18:26:00,61
2022-08-05 18:28:00,66
2022-08-05 18:30:00,66
2022-08-05 18:32:00,64
2022-08-05 18:35:00,64
2022-08-05 18:37:00,65
2022-08-05 18:38:00,64
2022-08-05 18:40:00,65
2022-08-05 18:42:00,62
2022-08-05 18:45:00,66
2022-08-05 18:46:00,66
2022-08-05 18:48:00,66
2022-08-05 18:50:00,65
2022-08-05 18:53:00,62
2022-08-05 18:54:00,67
2022-08-05 18:56:00,65
2022-08-05 18:58:00,66
2022-08-05 19:01:00,64
2022-08-05 19:24:00,64
2022-08-05 19:26:00,64
2022-08-05 19:29:00,63
2022-08-05 19:30:00,64
2022-08-05 19:32:00,64
2022-08-05 19:34:00,65
2022-08-05 19:36:00,65
2022-08-05 19:39:00,60
2022-08-05 19:40:00,56
2022-08-05 19:42:00,64
2022-08-05 19:45:00,63
2022-08-05 19:46:00,62
2022-08-05 19:48:00,64
2022-08-05 19:50:00,65
2022-08-05 19:52:00,62
2022-08-05 19:54:00,63
2022-08-05 19:56:00,65
2022-08-05 19:58:00,71
2022-08-05 20:00:00,63
2022-08-05 20:02:00,64
2022-08-05 20:04:00,65
2022-08-05 20:06:00,61
2022-08-05 21:15:00,62
2022-08-05 21:17:00,55
2022-08-05 21:19:00,55
2022-08-05 21:21:00,65
2022-08-05 21:23:00,56
2022-08-05 21:24:00,59
2022-08-05 21:26:00,61
2022-08-05 21:28:00,52
2022-08-05 21:30:00,55
2022-08-05 21:32:00,65
2022-08-05 21:35:00,62
2022-08-05 21:37:00,59
2022-08-05 21:39:00,62
2022-08-05 21:40:00,62
2022-08-05 21:43:00,59
2022-08-05 21:45:00,61
2022-08-05 21:46:00,56
2022-08-05 21:48:00,59
2022-08-05 21:51:00,59
2022-08-05 21:53:00,55
2022-08-05 21:55:00,60
2022-08-05 21:57:00,62
2022-08-06 00:11:00,53
2022-08-06 00:13:00,57
2022-08-06 00:15:00,54
2022-08-06 00:16:00,56
2022-08-06 00:19:00,52
2022-08-06 00:21:00,53
2022-08-06 00:23:00,60
2022-08-06 00:25:00,55
2022-08-06 00:27:00,55
2022-08-06 00:29:00,54
2022-08-06 00:31:00,55
2022-08-06 00:33:00,53
2022-08-06 00:35:00,56
2022-08-06 00:37:00,51
2022-08-06 00:39:00,54
2022-08-06 00:41:00,57
2022-08-06 00:43:00,58
2022-08-06 00:44:00,57
2022-08-06 00:46:00,55
2022-08-06 00:49:00,57
2022-08-06 00:51:00,58
2022-08-06 00:52:00,55
2022-08-06 00:55:00,54
2022-08-06 01:41:00,61
2022-08-06 01:43:00,51
2022-08-06 01:45:00,53
2022-08-06 01:47:00,52
2022-08-06 01:49:00,60
2022-08-06 01:51:00,55
2022-08-06 01:52:00,53
2022-08-06 01:54:00,51
2022-08-06 01:57:00,51
2022-08-06 01:59:00,51
2022-08-06 02:01:00,52
2022-08-06 02:03:00,50
2022-08-06 02:05:00,51
2022-08-06 02:06:00,53
2022-08-06 02:08:00,52
2022-08-06 02:10:00,54
2022-08-06 02:12:00,47
2022-08-06 02:14:00,55
2022-08-06 02:16:00,51
2022-08-06 02:19:00,51
2022-08-06 02:21:00,51
2022-08-06 02:22:00,52
2022-08-06 02:25:00,56
2022-08-06 02:27:00,51
2022-08-06 02:29:00,53
2022-08-06 02:31:00,51
2022-08-06 02:33:00,46
2022-08-06 02:35:00,50
2022-08-06 02:37:00,49
2022-08-06 02:39:00,55
2022-08-06 02:41:00,53
2022-08-06 02:43:00,55
2022-08-06 02:45:00,51
2022-08-06 02:47:00,53
2022-08-06 02:49:00,54
2022-08-06 02:51:00,53
2022-08-06 02:53:00,52
2022-08-06 02:55:00,51
2022-08-06 02:57:00,53
2022-08-06 02:59:00,55
2022-08-06 03:01:00,49
2022-08-06 03:02:00,52
2022-08-06 03:05:00,52
2022-08-06 03:07:00,54
2022-08-06 03:09:00,49
2022-08-06 03:11:00,56
2022-08-06 03:13:00,54
2022-08-06 03:15:00,51
2022-08-06 03:17:00,54
2022-08-06 03:19:00,53
2022-08-06 03:21:00,50
2022-08-06 03:23:00,54
2022-08-06 03:25:00,53
2022-08-06 03:27:00,53
2022-08-06 03:29:00,49
2022-08-06 03:31:00,50
2022-08-06 03:33:00,51
2022-08-06 03:34:00,51
2022-08-06 03:37:00,47
2022-08-06 03:39:00,50
2022-08-06 03:41:00,52
2022-08-06 03:43:00,52
2022-08-06 03:45:00,51
2022-08-06 03:47:00,53
2022-08-06 03:49:00,53
2022-08-06 03:51:00,55
2022-08-06 03:53:00,48
2022-08-06 03:55:00,52
2022-08-06 03:57:00,52
2022-08-06 03:59:00,53
2022-08-06 04:01:00,53
2022-08-06 04:03:00,54
2022-08-06 04:05:00,53
2022-08-06 04:07:00,48
2022-08-06 04:09:00,49
2022-08-06 04:11:00,50
2022-08-06 04:13:00,50
2022-08-06 07:33:00,53
2022-08-06 07:35:00,64
2022-08-06 07:37:00,64
2022-08-06 07:39:00,70
2022-08-06 07:41:00,60
2022-08-06 07:43:00,55
2022-08-06 07:45:00,65
2022-08-06 07:47:00,59
2022-08-06 07:49:00,60
2022-08-06 07:51:00,62
2022-08-06 07:53:00,62
2022-08-06 09:01:00,65
2022-08-06 09:03:00,58
2022-08-06 09:05:00,63
2022-08-06 09:07:00,53
2022-08-06 09:09:00,63
2022-08-06 09:11:00,63
2022-08-06 09:13:00,61
2022-08-06 09:15:00,71
2022-08-06 09:17:00,61
2022-08-06 09:19:00,58
2022-08-06 09:21:00,64
2022-08-06 10:07:00,64
2022-08-06 10:09:00,67
2022-08-06 10:11:00,70
2022-08-06 10:13:00,64
2022-08-06 10:15:00,64
2022-08-06 10:17:00,70
2022-08-06 10:19:00,61
2022-08-06 10:21:00,69
2022-08-06 10:23:00,67
2022-08-06 10:25:00,68
2022-08-06 10:27:00,68
2022-08-06 10:29:00,70
2022-08-06 10:31:00,70
2022-08-06 10:33:00,64
2022-08-06 10:35:00,69
2022-08-06 10:37:00,64
2022-08-06 10:39:00,64
2022-08-06 10:41:00,70
2022-08-06 10:43:00,65
2022-08-06 10:45:00,69
2022-08-06 10:47:00,71
2022-08-06 10:49:00,67
2022-08-06 11:35:00,69
2022-08-06 11:37:00,64
2022-08-06 11:39:00,65
2022-08-06 11:41:00,73
2022-08-06 11:43:00,68
2022-08-06 11:45:00,71
2022-08-06 11:47:00,69
2022-08-06 11:49:00,68
2022-08-06 11:51:00,64
2022-08-06 11:53:00,66
2022-08-06 11:55:00,67
2022-08-06 14:30:00,61
2022-08-06 14:33:00,63
2022-08-06 14:35:00,66
2022-08-06 14:36:00,66
2022-08-06 14:39:00,65
2022-08-06 14:41:00,67
2022-08-06 14:42:00,62
2022-08-06 14:45:00,66
2022-08-06 14:47:00,65
2022-08-06 14:49:00,61
2022-08-06 14:50:00,65
2022-08-06 14:53:00,66
2022-08-06 14:55:00,61
2022-08-06 14:57:00,65
2022-08-06 14:59:00,63
2022-08-06 15:00:00,62
2022-08-06 15:03:00,73
2022-08-06 15:05:00,69
2022-08-06 15:07:00,72
2022-08-06 15:08:00,69
2022-08-06 15:11:00,66
2022-08-06 15:13:00,72
2022-08-06 15:15:00,71
2022-08-06 15:17:00,67
2022-08-06 15:19:00,62
2022-08-06 15:21:00,65
2022-08-06 15:23:00,67
2022-08-06 15:25:00,63
2022-08-06 15:27:00,65
2022-08-06 15:29:00,66
2022-08-06 15:31:00,60
2022-08-06 15:33:00,57
2022-08-06 15:35:00,64
2022-08-06 15:37:00,71
2022-08-06 15:39:00,65
2022-08-06 15:41:00,67
2022-08-06 15:43:00,65
2022-08-06 15:45:00,63
2022-08-06 15:47:00,64
2022-08-06 15:49:00,72
2022-08-06 15:51:00,66
2022-08-06 15:52:00,73
2022-08-06 15:55:00,69
2022-08-06 15:56:00,56
2022-08-06 16:43:00,63
2022-08-06 16:45:00,66
2022-08-06 16:47:00,70
2022-08-06 16:49:00,72
2022-08-06 16:51:00,74
2022-08-06 16:53:00,70
2022-08-06 16:55:00,62
2022-08-06 16:57:00,65
2022-08-06 16:58:00,71
2022-08-06 17:01:00,67
2022-08-06 17:02:00,70
2022-08-06 18:54:00,74
2022-08-06 18:57:00,66
2022-08-06 18:58:00,67
2022-08-06 19:01:00,74
2022-08-06 19:02:00,73
2022-08-06 19:04:00,77
2022-08-06 19:07:00,69
2022-08-06 19:09:00,62
2022-08-06 19:11:00,64
2022-08-06 19:13:00,64
2022-08-06 19:15:00,64
2022-08-06 19:17:00,62
2022-08-06 19:19:00,58
2022-08-06 19:21:00,53
2022-08-06 19:23:00,64
2022-08-06 19:25:00,63
2022-08-06 19:27:00,60
2022-08-06 19:29:00,63
2022-08-06 19:31:00,71
2022-08-06 19:33:00,68
2022-08-06 19:35:00,64
2022-08-06 19:37:00,67
2022-08-06 20:23:00,62
2022-08-06 20:25:00,61
2022-08-06 20:27:00,57
2022-08-06 20:29:00,59
2022-08-06 20:31:00,60
2022-08-06 20:33:00,54
2022-08-06 20:35:00,63
2022-08-06 20:37:00,62
2022-08-06 20:39:00,58
2022-08-06 20:41:00,67
2022-08-06 20:43:00,61
2022-08-06 20:45:00,57
2022-08-06 20:46:00,66
2022-08-06 20:48:00,73
2022-08-06 20:50:00,66
2022-08-06 20:52:00,62
2022-08-06 20:54:00,61
2022-08-06 20:56:00,60
2022-08-06 20:58:00,58
2022-08-06 21:01:00,63
2022-08-06 21:03:00,67
2022-08-06 21:05:00,59
2022-08-06 22:13:00,57
2022-08-06 22:14:00,55
2022-08-06 22:17:00,57
2022-08-06 22:19:00,59
2022-08-06 22:21:00,57
2022-08-06 22:22:00,55
2022-08-06 22:24:00,57
2022-08-06 22:27:00,54
2022-08-06 22:29:00,55
2022-08-06 22:31:00,58
2022-08-06 22:33:00,55
2022-08-06 22:35:00,58
2022-08-06 22:37:00,61
2022-08-06 22:39:00,58
2022-08-06 22:41:00,56
2022-08-06 22:43:00,53
2022-08-06 22:45:00,58
2022-08-06 22:47:00,61
2022-08-06 22:49:00,55
2022-08-06 22:51:00,60
2022-08-06 22:53:00,57
2022-08-06 22:55:00,58
2022-08-06 23:41:00,61
2022-08-06 23:43:00,53
2022-08-06 23:45:00,56
2022-08-06 23:47:00,55
2022-08-06 23:49:00,54
2022-08-06 23:51:00,59
2022-08-06 23:53:00,52
2022-08-06 23:55:00,53
2022-08-06 23:57:00,61
2022-08-06 23:59:00,58
2022-08-07 00:01:00,56
2022-08-07 00:47:00,55
2022-08-07 00:48:00,52
2022-08-07 00:50:00,56
2022-08-07 00:53:00,50
2022-08-07 00:54:00,58
2022-08-07 00:56:00,53
2022-08-07 00:59:00,52
2022-08-07 01:01:00,55
2022-08-07 01:03:00,50
2022-08-07 01:05:00,53
2022-08-07 01:07:00,48
2022-08-07 01:53:00,52
2022-08-07 01:55:00,49
2022-08-07 01:57:00,54
2022-08-07 01:59:00,54
2022-08-07 02:01:00,52
2022-08-07 02:03:00,53
2022-08-07 02:05:00,54
2022-08-07 02:06:00,53
2022-08-07 02:09:00,53
2022-08-07 02:10:00,49
2022-08-07 02:13:00,50
2022-08-07 02:15:00,54
2022-08-07 02:16:00,57
2022-08-07 02:19:00,57
2022-08-07 02:21:00,49
2022-08-07 02:22:00,50
2022-08-07 02:24:00,47
2022-08-07 02:26:00,55
2022-08-07 02:28:00,53
2022-08-07 02:30:00,49
2022-08-07 02:32:00,52
2022-08-07 02:35:00,52
2022-08-07 02:37:00,50
2022-08-07 02:39:00,52
2022-08-07 02:41:00,49
2022-08-07 02:43:00,52
2022-08-07 02:45:00,51
2022-08-07 02:47:00,47
2022-08-07 02:49:00,50
2022-08-07 02:51:00,46
2022-08-07 02:53:00,49
2022-08-07 02:55:00,50
2022-08-07 02:57:00,51
2022-08-07 02:59:00,49
2022-08-07 03:01:00,49
2022-08-07 03:03:00,51
2022-08-07 03:05:00,48
2022-08-07 03:07:00,51
2022-08-07 03:08:00,53
2022-08-07 03:10:00,53
2022-08-07 03:13:00,55
2022-08-07 03:14:00,51
2022-08-07 03:16:00,50
2022-08-07 03:18:00,49
2022-08-07 03:21:00,51
2022-08-07 03:22:00,51
2022-08-07 03:25:00,48
2022-08-07 03:27:00,51
2022-08-07 03:29:00,50
2022-08-07 03:31:00,53
2022-08-07 03:33:00,52
2022-08-07 03:35:00,55
2022-08-07 03:37:00,62
2022-08-07 03:39:00,48
2022-08-07 03:41:00,52
2022-08-07 04:05:00,50
2022-08-07 04:07:00,52
2022-08-07 04:09:00,55
2022-08-07 04:11:00,55
2022-08-07 04:13:00,54
2022-08-07 04:15:00,49
2022-08-07 04:17:00,50
2022-08-07 04:19:00,49
2022-08-07 04:21:00,53
2022-08-07 04:23:00,52
2022-08-07 04:25:00,48
2022-08-07 04:27:00,53
2022-08-07 04:29:00,55
2022-08-07 04:31:00,54
2022-08-07 04:33:00,49
2022-08-07 04:35:00,54
2022-08-07 04:37:00,49
2022-08-07 04:39:00,49
2022-08-07 04:41:00,52
2022-08-07 04:43:00,49
2022-08-07 04:45:00,56
2022-08-07 04:47:00,49
2022-08-07 06:17:00,58
2022-08-07 06:19:00,56
2022-08-07 06:21:00,55
2022-08-07 06:23:00,58
2022-08-07 06:25:00,55
2022-08-07 06:26:00,54
2022-08-07 06:29:00,54
2022-08-07 06:31:00,52
2022-08-07 06:33:00,57
2022-08-07 06:35:00,56
2022-08-07 06:37:00,58
2022-08-07 12:09:00,64
2022-08-07 12:11:00,67
2022-08-07 12:14:00,61
2022-08-07 12:15:00,62
2022-08-07 12:16:00,57
2022-08-07 12:18:00,64
2022-08-07 12:21:00,61
2022-08-07 12:23:00,58
2022-08-07 12:24:00,63
2022-08-07 12:26:00,62
2022-08-07 12:29:00,58
2022-08-07 12:31:00,57
2022-08-07 12:34:00,58
2022-08-07 12:36:00,62
2022-08-07 12:37:00,61
2022-08-07 12:38:00,69
2022-08-07 12:40:00,62
2022-08-07 12:43:00,67
2022-08-07 12:44:00,62
2022-08-07 12:48:00,59
2022-08-07 12:50:00,61
2022-08-07 12:51:00,60
2022-08-07 12:52:00,56
2022-08-07 12:54:00,60
2022-08-07 12:56:00,58
2022-08-07 12:59:00,63
2022-08-07 13:00:00,66
2022-08-07 13:04:00,61
2022-08-07 13:05:00,59
2022-08-07 13:08:00,61
2022-08-07 13:10:00,66
2022-08-07 13:12:00,61
2022-08-07 13:13:00,64
2022-08-07 13:38:00,64
2022-08-07 13:40:00,60
2022-08-07 13:42:00,61
2022-08-07 13:43:00,65
2022-08-07 13:44:00,62
2022-08-07 13:46:00,65
2022-08-07 13:50:00,62
2022-08-07 13:52:00,61
2022-08-07 13:54:00,59
2022-08-07 13:56:00,61
2022-08-07 13:58:00,63
2022-08-07 14:22:00,62
2022-08-07 14:24:00,58
2022-08-07 14:25:00,64
2022-08-07 14:27:00,61
2022-08-07 14:29:00,62
2022-08-07 14:32:00,62
2022-08-07 14:34:00,60
2022-08-07 14:36:00,58
2022-08-07 14:38:00,59
2022-08-07 14:38:00,67
2022-08-07 14:42:00,62
2022-08-07 14:44:00,64
2022-08-07 14:46:00,61
2022-08-07 14:48:00,59
2022-08-07 14:50:00,65
2022-08-07 14:52:00,73
2022-08-07 14:54:00,57
2022-08-07 14:56:00,69
2022-08-07 14:58:00,62
2022-08-07 15:00:00,70
2022-08-07 15:02:00,69
2022-08-07 15:04:00,64
2022-08-07 16:56:00,60
2022-08-07 16:58:00,62
2022-08-07 17:00:00,63
2022-08-07 17:02:00,64
2022-08-07 17:04:00,60
2022-08-07 17:06:00,60
2022-08-07 17:06:00,67
2022-08-07 17:10:00,65
2022-08-07 17:12:00,58
2022-08-07 17:14:00,64
2022-08-07 17:16:00,65
2022-08-07 18:24:00,62
2022-08-07 18:26:00,59
2022-08-07 18:28:00,62
2022-08-07 18:30:00,61
2022-08-07 18:32:00,63
2022-08-07 18:34:00,63
2022-08-07 18:36:00,58
2022-08-07 18:38:00,60
2022-08-07 18:40:00,67
2022-08-07 18:42:00,63
2022-08-07 18:44:00,64
2022-08-07 18:46:00,64
2022-08-07 18:48:00,54
2022-08-07 18:50:00,59
2022-08-07 18:52:00,65
2022-08-07 18:54:00,59
2022-08-07 18:56:00,64
2022-08-07 18:58:00,61
2022-08-07 19:00:00,60
2022-08-07 19:02:00,63
2022-08-07 19:04:00,63
2022-08-07 19:06:00,59
2022-08-07 19:52:00,68
2022-08-07 19:54:00,54
2022-08-07 19:56:00,60
2022-08-07 19:58:00,61
2022-08-07 20:00:00,60
2022-08-07 20:02:00,62
2022-08-07 20:04:00,64
2022-08-07 20:06:00,60
2022-08-07 20:08:00,58
2022-08-07 20:10:00,64
2022-08-07 20:12:00,57
2022-08-07 22:26:00,55
2022-08-07 22:28:00,58
2022-08-07 22:30:00,54
2022-08-07 22:30:00,58
2022-08-07 22:34:00,58
2022-08-07 22:36:00,54
2022-08-07 22:38:00,57
2022-08-07 22:40:00,62
2022-08-07 22:42:00,56
2022-08-07 22:44:00,54
2022-08-07 22:46:00,59
2022-08-08 03:12:00,49
2022-08-08 03:14:00,49
2022-08-08 03:16:00,48
2022-08-08 03:18:00,52
2022-08-08 03:20:00,46
2022-08-08 03:22:00,49
2022-08-08 03:24:00,46
2022-08-08 03:26:00,49
2022-08-08 03:28:00,46
2022-08-08 03:30:00,47
2022-08-08 03:32:00,53
2022-08-08 03:34:00,47
2022-08-08 03:36:00,47
2022-08-08 03:38:00,49
2022-08-08 03:40:00,49
2022-08-08 03:42:00,46
2022-08-08 03:44:00,51
2022-08-08 03:46:00,48
2022-08-08 03:48:00,46
2022-08-08 03:50:00,49
2022-08-08 03:52:00,47
2022-08-08 03:54:00,46
2022-08-08 04:18:00,49
2022-08-08 04:20:00,51
2022-08-08 04:22:00,53
2022-08-08 04:24:00,51
2022-08-08 04:26:00,46
2022-08-08 04:26:00,52
2022-08-08 04:30:00,50
2022-08-08 04:32:00,53
2022-08-08 04:34:00,50
2022-08-08 04:36:00,47
2022-08-08 04:38:00,54
2022-08-08 04:40:00,53
2022-08-08 04:42:00,50
2022-08-08 04:44:00,50
2022-08-08 04:46:00,52
2022-08-08 04:48:00,53
2022-08-08 04:50:00,47
2022-08-08 04:52:00,52
2022-08-08 04:54:00,53
2022-08-08 04:56:00,54
2022-08-08 04:58:00,50
2022-08-08 05:00:00,52
2022-08-08 06:30:00,60
2022-08-08 06:32:00,62
2022-08-08 06:34:00,58
2022-08-08 06:36:00,59
2022-08-08 06:38:00,60
2022-08-08 06:40:00,58
2022-08-08 06:42:00,59
2022-08-08 06:44:00,58
2022-08-08 06:46:00,61
2022-08-08 06:48:00,57
2022-08-08 06:50:00,57
2022-08-08 07:56:00,60
2022-08-08 07:58:00,64
2022-08-08 08:00:00,59
2022-08-08 08:04:00,62
2022-08-08 08:06:00,63
2022-08-08 08:08:00,61
2022-08-08 08:10:00,62
2022-08-08 08:12:00,62
2022-08-08 08:14:00,60
2022-08-08 08:16:00,60
2022-08-08 08:18:00,64
2022-08-08 11:23:00,59
2022-08-08 11:25:00,63
2022-08-08 11:27:00,64
2022-08-08 11:29:00,60
2022-08-08 11:31:00,62
2022-08-08 11:33:00,65
2022-08-08 11:35:00,60
2022-08-08 11:37:00,61
2022-08-08 11:39:00,66
2022-08-08 11:41:00,63
2022-08-08 11:43:00,61
2022-08-08 12:07:00,62
2022-08-08 12:09:00,64
2022-08-08 12:11:00,58
2022-08-08 12:13:00,64
2022-08-08 12:15:00,65
2022-08-08 12:17:00,59
2022-08-08 12:19:00,62
2022-08-08 12:21:00,64
2022-08-08 12:23:00,61
2022-08-08 12:25:00,62
2022-08-08 12:27:00,65
2022-08-08 12:29:00,61
2022-08-08 12:31:00,58
2022-08-08 12:33:00,62
2022-08-08 12:35:00,59
2022-08-08 12:37:00,61
2022-08-08 12:39:00,65
2022-08-08 12:41:00,60
2022-08-08 12:43:00,62
2022-08-08 12:45:00,63
2022-08-08 12:47:00,64
2022-08-08 12:49:00,63
2022-08-08 13:57:00,65
2022-08-08 13:59:00,61
2022-08-08 14:01:00,60
2022-08-08 14:03:00,63
2022-08-08 14:05:00,60
2022-08-08 14:07:00,61
2022-08-08 14:09:00,63
2022-08-08 14:11:00,62
2022-08-08 14:13:00,62
2022-08-08 14:15:00,63
2022-08-08 14:17:00,63
2022-08-08 14:41:00,68
2022-08-08 14:43:00,65
2022-08-08 14:45:00,70
2022-08-08 14:47:00,68
2022-08-08 14:49:00,71
2022-08-08 14:51:00,69
2022-08-08 14:53:00,67
2022-08-08 14:55:00,71
2022-08-08 14:57:00,71
2022-08-08 14:59:00,66
2022-08-08 15:01:00,67
2022-08-08 15:03:00,69
2022-08-08 15:05:00,68
2022-08-08 15:07:00,66
2022-08-08 15:09:00,66
2022-08-08 15:11:00,65
2022-08-08 15:13:00,63
2022-08-08 15:15:00,66
2022-08-08 15:17:00,68
2022-08-08 15:19:00,63
2022-08-08 15:21:00,67
2022-08-08 15:23:00,63
2022-08-08 15:45:00,63
2022-08-08 15:49:00,57
2022-08-08 15:51:00,66
2022-08-08 15:53:00,62
2022-08-08 15:55:00,61
2022-08-08 15:57:00,59
2022-08-08 15:57:00,63
2022-08-08 15:59:00,60
2022-08-08 16:01:00,63
2022-08-08 16:05:00,61
2022-08-08 16:07:00,61
2022-08-08 16:09:00,63
2022-08-08 16:11:00,61
2022-08-08 16:13:00,59
2022-08-08 16:15:00,62
2022-08-08 16:17:00,61
2022-08-08 16:19:00,60
2022-08-08 16:19:00,62
2022-08-08 16:23:00,60
2022-08-08 16:25:00,61
2022-08-08 16:27:00,64
2022-08-08 16:29:00,60
2022-08-08 19:29:00,63
2022-08-08 19:31:00,60
2022-08-08 19:33:00,60
2022-08-08 19:35:00,63
2022-08-08 19:37:00,56
2022-08-08 19:39:00,62
2022-08-08 19:41:00,61
2022-08-08 19:43:00,60
2022-08-08 19:45:00,62
2022-08-08 19:47:00,64
2022-08-08 19:49:00,61
2022-08-08 21:41:00,59
2022-08-08 21:43:00,57
2022-08-08 21:45:00,57
2022-08-08 21:47:00,57
2022-08-08 21:49:00,56
2022-08-08 21:51:00,58
2022-08-08 21:53:00,59
2022-08-08 21:55:00,59
2022-08-08 21:57:00,54
2022-08-08 21:59:00,61
2022-08-08 22:01:00,56
2022-08-08 22:03:00,57
2022-08-08 22:05:00,61
2022-08-08 22:07:00,58
2022-08-08 22:09:00,54
2022-08-08 22:11:00,58
2022-08-08 22:13:00,55
2022-08-08 22:15:00,56
2022-08-08 22:17:00,65
2022-08-08 22:19:00,56
2022-08-08 22:21:00,52
2022-08-08 22:23:00,58
2022-08-08 22:25:00,53
2022-08-08 22:27:00,58
2022-08-08 22:29:00,59
2022-08-08 22:31:00,53
2022-08-08 22:33:00,55
2022-08-08 22:35:00,59
2022-08-08 22:37:00,60
2022-08-08 22:39:00,55
2022-08-08 22:39:00,58
2022-08-08 22:41:00,54
2022-08-08 22:45:00,54
2022-08-08 22:47:00,63
2022-08-08 22:49:00,53
2022-08-08 22:49:00,56
2022-08-08 22:53:00,63
2022-08-08 22:55:00,57
2022-08-08 22:55:00,59
2022-08-08 22:57:00,56
2022-08-08 23:01:00,56
2022-08-08 23:03:00,56
2022-08-08 23:05:00,57
2022-08-08 23:07:00,58
2022-08-09 00:37:00,55
2022-08-09 00:39:00,51
2022-08-09 00:41:00,58
2022-08-09 00:45:00,53
2022-08-09 00:47:00,50
2022-08-09 00:49:00,54
2022-08-09 00:51:00,49
2022-08-09 00:53:00,52
2022-08-09 00:55:00,47
2022-08-09 00:55:00,52
2022-08-09 00:59:00,51
2022-08-09 01:01:00,49
2022-08-09 01:03:00,51
2022-08-09 01:07:00,54
2022-08-09 01:09:00,46
2022-08-09 01:09:00,50
2022-08-09 01:11:00,51
2022-08-09 01:15:00,52
2022-08-09 01:17:00,51
2022-08-09 01:17:00,53
2022-08-09 01:41:00,55
2022-08-09 01:45:00,51
2022-08-09 01:47:00,52
2022-08-09 01:49:00,53
2022-08-09 01:51:00,46
2022-08-09 01:53:00,50
2022-08-09 01:55:00,49
2022-08-09 01:55:00,55
2022-08-09 01:59:00,51
2022-08-09 01:59:00,54
2022-08-09 02:03:00,54
2022-08-09 10:53:00,59
2022-08-09 10:55:00,62
2022-08-09 10:57:00,59
2022-08-09 10:57:00,61
2022-08-09 11:01:00,61
2022-08-09 11:03:00,58
2022-08-09 11:05:00,59
2022-08-09 11:05:00,63
2022-08-09 11:09:00,61
2022-08-09 11:11:00,62
2022-08-09 11:13:00,66
2022-08-09 11:37:00,61
2022-08-09 11:37:00,63
2022-08-09 11:41:00,65
2022-08-09 11:43:00,64
2022-08-09 11:45:00,61
2022-08-09 11:45:00,63
2022-08-09 11:47:00,65
2022-08-09 11:51:00,56
2022-08-09 11:53:00,65
2022-08-09 11:55:00,61
2022-08-09 11:57:00,62
2022-08-09 13:05:00,60
2022-08-09 13:07:00,63
2022-08-09 13:09:00,65
2022-08-09 13:11:00,59
2022-08-09 13:13:00,66
2022-08-09 13:15:00,60
2022-08-09 13:17:00,56
2022-08-09 13:19:00,68
2022-08-09 13:21:00,63
2022-08-09 13:23:00,59
2022-08-09 13:25:00,66
2022-08-09 14:11:00,62
2022-08-09 14:13:00,61
2022-08-09 14:15:00,62
2022-08-09 14:17:00,63
2022-08-09 14:19:00,63
2022-08-09 14:21:00,62
2022-08-09 14:23:00,60
2022-08-09 14:25:00,62
2022-08-09 14:27:00,60
2022-08-09 14:29:00,61
2022-08-09 14:31:00,69
2022-08-09 14:33:00,58
2022-08-09 14:35:00,58
2022-08-09 14:37:00,62
2022-08-09 14:39:00,60
2022-08-09 14:41:00,64
2022-08-09 14:43:00,64
2022-08-09 14:45:00,64
2022-08-09 14:47:00,62
2022-08-09 14:49:00,65
2022-08-09 14:51:00,62
2022-08-09 14:53:00,59
2022-08-09 15:17:00,58
2022-08-09 15:19:00,63
2022-08-09 15:21:00,64
2022-08-09 15:23:00,60
2022-08-09 15:25:00,65
2022-08-09 15:27:00,61
2022-08-09 15:29:00,60
2022-08-09 15:31:00,63
2022-08-09 15:33:00,63
2022-08-09 15:35:00,59
2022-08-09 15:37:00,63
2022-08-09 17:27:00,62
2022-08-09 17:29:00,62
2022-08-09 17:31:00,64
2022-08-09 17:33:00,65
2022-08-09 17:37:00,66
2022-08-09 17:39:00,65
2022-08-09 17:41:00,66
2022-08-09 17:43:00,64
2022-08-09 17:45:00,63
2022-08-09 17:47:00,61
2022-08-09 17:47:00,65
2022-08-09 17:51:00,64
2022-08-09 17:53:00,63
2022-08-09 17:55:00,65
2022-08-09 17:57:00,62
2022-08-09 17:59:00,62
2022-08-09 18:01:00,67
2022-08-09 18:03:00,64
2022-08-09 18:05:00,59
2022-08-09 18:07:00,61
2022-08-09 18:09:00,64
2022-08-09 18:11:00,62
2022-08-09 18:35:00,61
2022-08-09 18:37:00,66
2022-08-09 18:39:00,62
2022-08-09 18:41:00,60
2022-08-09 18:44:00,64
2022-08-09 18:46:00,61
2022-08-09 18:48:00,60
2022-08-09 18:49:00,61
2022-08-09 18:49:00,63
2022-08-09 18:53:00,61
2022-08-09 18:55:00,64
2022-08-09 22:37:00,58
2022-08-09 22:39:00,55
2022-08-09 22:41:00,51
2022-08-09 22:43:00,54
2022-08-09 22:45:00,55
2022-08-09 22:47:00,55
2022-08-09 22:49:00,54
2022-08-09 22:51:00,56
2022-08-09 22:53:00,54
2022-08-09 22:55:00,54
2022-08-09 22:57:00,56
2022-08-10 00:27:00,55
2022-08-10 00:29:00,50
2022-08-10 00:31:00,54
2022-08-10 00:33:00,56
2022-08-10 00:35:00,56
2022-08-10 00:37:00,52
2022-08-10 00:39:00,54
2022-08-10 00:41:00,51
2022-08-10 00:43:00,55
2022-08-10 00:45:00,50
2022-08-10 00:47:00,50
2022-08-10 01:11:00,51
2022-08-10 01:13:00,53
2022-08-10 01:15:00,52
2022-08-10 01:17:00,48
2022-08-10 01:19:00,54
2022-08-10 01:21:00,54
2022-08-10 01:23:00,56
2022-08-10 01:25:00,50
2022-08-10 01:27:00,51
2022-08-10 01:29:00,52
2022-08-10 01:31:00,47
2022-08-10 01:55:00,50
2022-08-10 01:57:00,49
2022-08-10 01:59:00,58
2022-08-10 02:01:00,48
2022-08-10 02:03:00,47
2022-08-10 02:05:00,52
2022-08-10 02:07:00,47
2022-08-10 02:09:00,48
2022-08-10 02:11:00,53
2022-08-10 02:13:00,51
2022-08-10 02:15:00,53
2022-08-10 02:17:00,53
2022-08-10 02:19:00,51
2022-08-10 02:21:00,49
2022-08-10 02:23:00,52
2022-08-10 02:25:00,47
2022-08-10 02:27:00,46
2022-08-10 02:29:00,47
2022-08-10 02:31:00,49
2022-08-10 02:33:00,51
2022-08-10 02:36:00,48
2022-08-10 02:37:00,46
2022-08-10 04:30:00,47
2022-08-10 04:32:00,51
2022-08-10 04:34:00,49
2022-08-10 04:36:00,52
2022-08-10 04:38:00,50
2022-08-10 04:40:00,50
2022-08-10 04:42:00,55
2022-08-10 04:44:00,55
2022-08-10 04:46:00,52
2022-08-10 04:48:00,54
2022-08-10 04:50:00,52
2022-08-10 05:58:00,61
2022-08-10 06:00:00,58
2022-08-10 06:02:00,61
2022-08-10 06:04:00,56
2022-08-10 06:06:00,62
2022-08-10 06:08:00,62
2022-08-10 06:10:00,58
2022-08-10 06:12:00,57
2022-08-10 06:14:00,59
2022-08-10 06:16:00,55
2022-08-10 06:18:00,58
2022-08-10 07:26:00,64
2022-08-10 07:28:00,58
2022-08-10 07:30:00,64
2022-08-10 07:32:00,65
2022-08-10 07:34:00,59
2022-08-10 07:36:00,64
2022-08-10 07:38:00,63
2022-08-10 07:40:00,59
2022-08-10 07:42:00,65
2022-08-10 07:44:00,63
2022-08-10 07:46:00,63
2022-08-10 08:32:00,64
2022-08-10 08:34:00,62
2022-08-10 08:36:00,62
2022-08-10 08:38:00,63
2022-08-10 08:40:00,64
2022-08-10 08:42:00,64
2022-08-10 08:44:00,65
2022-08-10 08:46:00,62
2022-08-10 08:48:00,65
2022-08-10 08:50:00,65
2022-08-10 08:52:00,64
2022-08-10 11:03:00,63
2022-08-10 11:05:00,57
2022-08-10 11:07:00,67
2022-08-10 11:09:00,61
2022-08-10 11:11:00,69
2022-08-10 11:13:00,66
2022-08-10 11:15:00,63
2022-08-10 11:17:00,61
2022-08-10 11:19:00,66
2022-08-10 11:21:00,62
2022-08-10 11:23:00,61
2022-08-10 11:25:00,67
2022-08-10 11:27:00,65
2022-08-10 11:29:00,60
2022-08-10 11:31:00,66
2022-08-10 11:33:00,72
2022-08-10 11:35:00,63
2022-08-10 11:37:00,65
2022-08-10 11:39:00,61
2022-08-10 11:41:00,61
2022-08-10 11:43:00,66
2022-08-10 11:45:00,60
2022-08-10 12:31:00,61
2022-08-10 12:33:00,59
2022-08-10 12:35:00,64
2022-08-10 12:37:00,65
2022-08-10 12:39:00,65
2022-08-10 12:41:00,63
2022-08-10 12:43:00,63
2022-08-10 12:45:00,70
2022-08-10 12:47:00,55
2022-08-10 12:49:00,63
2022-08-10 12:51:00,61
2022-08-10 15:05:00,62
2022-08-10 15:07:00,62
2022-08-10 15:09:00,61
2022-08-10 15:11:00,65
2022-08-10 15:13:00,61
2022-08-10 15:15:00,66
2022-08-10 15:17:00,62
2022-08-10 15:19:00,62
2022-08-10 15:21:00,60
2022-08-10 15:23:00,61
2022-08-10 15:25:00,63
2022-08-10 18:01:00,61
2022-08-10 18:03:00,61
2022-08-10 18:05:00,59
2022-08-10 18:07:00,63
2022-08-10 18:09:00,63
2022-08-10 18:11:00,66
2022-08-10 18:13:00,65
2022-08-10 18:15:00,60
2022-08-10 18:17:00,63
2022-08-10 18:19:00,60
2022-08-10 18:21:00,64
2022-08-10 18:45:00,62
2022-08-10 18:47:00,63
2022-08-10 18:49:00,61
2022-08-10 18:51:00,62
2022-08-10 18:53:00,64
2022-08-10 18:55:00,62
2022-08-10 18:57:00,60
2022-08-10 18:59:00,64
2022-08-10 19:01:00,60
2022-08-10 19:03:00,58
2022-08-10 19:05:00,61
2022-08-10 19:51:00,63
2022-08-10 19:53:00,63
2022-08-10 19:55:00,61
2022-08-10 19:57:00,62
2022-08-10 19:59:00,59
2022-08-10 20:01:00,58
2022-08-10 20:03:00,64
2022-08-10 20:05:00,61
2022-08-10 20:07:00,64
2022-08-10 20:09:00,63
2022-08-10 20:11:00,61
2022-08-10 21:19:00,57
2022-08-10 21:21:00,59
2022-08-10 21:23:00,55
2022-08-10 21:25:00,57
2022-08-10 21:27:00,64
2022-08-10 21:29:00,60
2022-08-10 21:31:00,58
2022-08-10 21:33:00,56
2022-08-10 21:35:00,54
2022-08-10 21:37:00,58
2022-08-10 21:39:00,63
2022-08-10 22:03:00,59
2022-08-10 22:05:00,55
2022-08-10 22:07:00,56
2022-08-10 22:09:00,61
2022-08-10 22:11:00,54
2022-08-10 22:13:00,52
2022-08-10 22:15:00,58
2022-08-10 22:17:00,60
2022-08-10 22:19:00,53
2022-08-10 22:21:00,59
2022-08-10 22:23:00,54
2022-08-10 22:25:00,53
2022-08-10 22:27:00,60
2022-08-10 22:29:00,55
2022-08-10 22:31:00,54
2022-08-10 22:33:00,55
2022-08-10 22:35:00,60
2022-08-10 22:37:00,54
2022-08-10 22:39:00,55
2022-08-10 22:41:00,54
2022-08-10 22:43:00,56
2022-08-10 22:45:00,62
2022-08-10 22:47:00,50
2022-08-10 22:49:00,55
2022-08-10 22:51:00,58
2022-08-10 22:53:00,59
2022-08-10 22:55:00,53
2022-08-10 22:57:00,50
2022-08-10 22:59:00,55
2022-08-10 23:01:00,53
2022-08-10 23:03:00,56
2022-08-10 23:05:00,53
2022-08-10 23:07:00,54
2022-08-11 01:24:00,51
2022-08-11 01:26:00,51
2022-08-11 01:28:00,54
2022-08-11 01:30:00,47
2022-08-11 01:32:00,53
2022-08-11 01:34:00,50
2022-08-11 01:36:00,51
2022-08-11 01:38:00,51
2022-08-11 01:40:00,52
2022-08-11 01:42:00,56
2022-08-11 01:44:00,53
2022-08-11 01:46:00,50
2022-08-11 01:48:00,48
2022-08-11 01:50:00,52
2022-08-11 01:52:00,53
2022-08-11 01:54:00,53
2022-08-11 01:56:00,48
2022-08-11 01:58:00,46
2022-08-11 02:00:00,53
2022-08-11 02:02:00,56
2022-08-11 02:04:00,52
2022-08-11 02:06:00,53
2022-08-11 02:30:00,47
2022-08-11 02:32:00,56
2022-08-11 02:34:00,48
2022-08-11 02:36:00,49
2022-08-11 02:38:00,55
2022-08-11 02:40:00,50
2022-08-11 02:42:00,47
2022-08-11 02:44:00,49
2022-08-11 02:46:00,49
2022-08-11 02:48:00,49
2022-08-11 02:50:00,50
2022-08-11 02:52:00,54
2022-08-11 02:54:00,53
2022-08-11 02:56:00,50
2022-08-11 02:58:00,47
2022-08-11 03:00:00,51
2022-08-11 03:02:00,55
2022-08-11 03:04:00,58
2022-08-11 03:06:00,49
2022-08-11 03:08:00,49
2022-08-11 03:10:00,52
2022-08-11 03:12:00,55
2022-08-11 06:54:00,59
2022-08-11 06:56:00,64
2022-08-11 06:58:00,58
2022-08-11 07:00:00,59
2022-08-11 07:02:00,61
2022-08-11 07:04:00,59
2022-08-11 07:06:00,65
2022-08-11 07:08:00,60
2022-08-11 07:10:00,60
2022-08-11 07:12:00,58
2022-08-11 07:14:00,60
2022-08-11 14:58:00,66
2022-08-11 15:00:00,76
2022-08-11 15:02:00,73
2022-08-11 15:04:00,70
2022-08-11 15:06:00,70
2022-08-11 15:08:00,68
2022-08-11 15:10:00,65
2022-08-11 15:12:00,65
2022-08-11 15:14:00,66
2022-08-11 15:16:00,75
2022-08-11 15:18:00,69
2022-08-11 16:04:00,66
2022-08-11 16:06:00,68
2022-08-11 16:08:00,66
2022-08-11 16:10:00,68
2022-08-11 16:12:00,68
2022-08-11 16:14:00,76
2022-08-11 16:16:00,75
2022-08-11 16:18:00,70
2022-08-11 16:20:00,73
2022-08-11 16:22:00,70
2022-08-11 16:24:00,72
2022-08-11 19:00:00,67
2022-08-11 19:02:00,70
2022-08-11 19:04:00,73
2022-08-11 19:06:00,72
2022-08-11 19:08:00,67
2022-08-11 19:10:00,71
2022-08-11 19:12:00,66
2022-08-11 19:14:00,66
2022-08-11 19:16:00,71
2022-08-11 19:18:00,65
2022-08-11 19:20:00,78
2022-08-11 20:28:00,66
2022-08-11 20:30:00,64
2022-08-11 20:32:00,69
2022-08-11 20:34:00,63
2022-08-11 20:36:00,72
2022-08-11 20:38:00,63
2022-08-11 20:40:00,64
2022-08-11 20:42:00,66
2022-08-11 20:44:00,64
2022-08-11 20:46:00,63
2022-08-11 20:48:00,62
2022-08-11 21:34:00,59
2022-08-11 21:36:00,59
2022-08-11 21:38:00,64
2022-08-11 21:40:00,62
2022-08-11 21:42:00,59
2022-08-11 21:44:00,62
2022-08-11 21:46:00,59
2022-08-11 21:48:00,60
2022-08-11 21:50:00,68
2022-08-11 21:52:00,61
2022-08-11 21:54:00,56
2022-08-11 23:24:00,56
2022-08-11 23:26:00,58
2022-08-11 23:28:00,60
2022-08-11 23:30:00,61
2022-08-11 23:32:00,56
2022-08-11 23:34:00,49
2022-08-11 23:36:00,55
2022-08-11 23:38:00,55
2022-08-11 23:40:00,60
2022-08-11 23:42:00,56
2022-08-11 23:44:00,57
2022-08-12 00:31:00,58
2022-08-12 00:33:00,55
2022-08-12 00:35:00,57
2022-08-12 00:37:00,58
2022-08-12 00:39:00,56
2022-08-12 00:41:00,55
2022-08-12 00:43:00,57
2022-08-12 00:45:00,54
2022-08-12 00:47:00,57
2022-08-12 00:49:00,54
2022-08-12 00:51:00,52
2022-08-12 00:53:00,54
2022-08-12 00:55:00,53
2022-08-12 00:57:00,53
2022-08-12 00:59:00,55
2022-08-12 01:01:00,56
2022-08-12 01:03:00,53
2022-08-12 01:05:00,51
2022-08-12 01:07:00,51
2022-08-12 01:09:00,54
2022-08-12 01:11:00,57
2022-08-12 01:13:00,52
2022-08-12 03:05:00,48
2022-08-12 03:07:00,48
2022-08-12 03:09:00,54
2022-08-12 03:11:00,48
2022-08-12 03:13:00,53
2022-08-12 03:15:00,47
2022-08-12 03:17:00,49
2022-08-12 03:19:00,52
2022-08-12 03:21:00,54
2022-08-12 03:23:00,51
2022-08-12 03:25:00,53
2022-08-12 03:27:00,55
2022-08-12 03:29:00,50
2022-08-12 03:31:00,50
2022-08-12 03:33:00,51
2022-08-12 03:35:00,57
2022-08-12 03:37:00,54
2022-08-12 03:39:00,54
2022-08-12 03:41:00,53
2022-08-12 03:43:00,55
2022-08-12 03:45:00,50
2022-08-12 03:47:00,52
2022-08-12 05:17:00,54
2022-08-12 05:19:00,55
2022-08-12 05:21:00,54
2022-08-12 05:23:00,54
2022-08-12 05:25:00,55
2022-08-12 05:27:00,53
2022-08-12 05:29:00,55
2022-08-12 05:31:00,57
2022-08-12 05:33:00,55
2022-08-12 05:35:00,50
2022-08-12 05:37:00,58
2022-08-12 05:39:00,61
2022-08-12 05:41:00,57
2022-08-12 05:43:00,64
2022-08-12 05:45:00,51
2022-08-12 05:47:00,60
2022-08-12 05:49:00,57
2022-08-12 05:51:00,54
2022-08-12 05:53:00,62
2022-08-12 05:55:00,56
2022-08-12 05:57:00,56
2022-08-12 05:59:00,62
2022-08-12 06:01:00,58
2022-08-12 06:03:00,60
2022-08-12 06:05:00,56
2022-08-12 06:07:00,63
2022-08-12 06:09:00,59
2022-08-12 06:11:00,60
2022-08-12 06:13:00,55
2022-08-12 06:15:00,63
2022-08-12 06:17:00,61
2022-08-12 06:19:00,57
2022-08-12 06:21:00,62
2022-08-12 08:35:00,61
2022-08-12 08:37:00,63
2022-08-12 08:39:00,60
2022-08-12 08:41:00,65
2022-08-12 08:43:00,62
2022-08-12 08:45:00,62
2022-08-12 08:47:00,63
2022-08-12 08:49:00,65
2022-08-12 08:51:00,66
2022-08-12 08:53:00,63
2022-08-12 08:55:00,62
2022-08-12 10:03:00,63
2022-08-12 10:05:00,64
2022-08-12 10:07:00,68
2022-08-12 10:09:00,70
2022-08-12 10:11:00,64
2022-08-12 10:13:00,62
2022-08-12 10:15:00,60
2022-08-12 10:17:00,65
2022-08-12 10:19:00,63
2022-08-12 10:21:00,60
2022-08-12 10:23:00,67
2022-08-12 10:47:00,62
2022-08-12 10:49:00,60
2022-08-12 10:51:00,73
2022-08-12 10:53:00,68
2022-08-12 10:55:00,64
2022-08-12 10:57:00,59
2022-08-12 10:59:00,67
2022-08-12 11:01:00,62
2022-08-12 11:03:00,62
2022-08-12 11:05:00,66
2022-08-12 11:07:00,66
2022-08-12 11:31:00,67
2022-08-12 11:33:00,61
2022-08-12 11:35:00,69
2022-08-12 11:37:00,68
2022-08-12 11:39:00,67
2022-08-12 11:41:00,66
2022-08-12 11:43:00,65
2022-08-12 11:45:00,67
2022-08-12 11:47:00,68
2022-08-12 11:49:00,66
2022-08-12 11:51:00,62
2022-08-12 12:15:00,65
2022-08-12 12:17:00,66
2022-08-12 12:19:00,65
2022-08-12 12:21:00,60
2022-08-12 12:23:00,67
2022-08-12 12:25:00,64
2022-08-12 12:27:00,71
2022-08-12 12:29:00,65
2022-08-12 12:31:00,66
2022-08-12 12:33:00,62
2022-08-12 12:35:00,64
2022-08-12 12:37:00,67
2022-08-12 12:39:00,66
2022-08-12 12:41:00,66
2022-08-12 12:43:00,65
2022-08-12 12:45:00,64
2022-08-12 12:47:00,68
2022-08-12 12:49:00,73
2022-08-12 12:51:00,64
2022-08-12 12:53:00,75
2022-08-12 12:55:00,64
2022-08-12 12:57:00,66
2022-08-12 12:59:00,63
2022-08-12 13:01:00,66
2022-08-12 13:03:00,69
2022-08-12 13:05:00,70
2022-08-12 13:07:00,64
2022-08-12 13:09:00,63
2022-08-12 13:11:00,71
2022-08-12 13:13:00,67
2022-08-12 13:15:00,63
2022-08-12 13:17:00,68
2022-08-12 13:19:00,67
2022-08-12 14:05:00,64
2022-08-12 14:07:00,69
2022-08-12 14:09:00,65
2022-08-12 14:11:00,66
2022-08-12 14:13:00,65
2022-08-12 14:15:00,63
2022-08-12 14:17:00,71
2022-08-12 14:19:00,69
2022-08-12 14:21:00,73
2022-08-12 14:23:00,64
2022-08-12 14:25:00,63
2022-08-12 15:55:00,66
2022-08-12 15:57:00,69
2022-08-12 15:59:00,64
2022-08-12 16:01:00,67
2022-08-12 16:03:00,66
2022-08-12 16:05:00,63
2022-08-12 16:07:00,71
2022-08-12 16:09:00,66
2022-08-12 16:11:00,64
2022-08-12 16:13:00,66
2022-08-12 16:15:00,65
2022-08-12 16:17:00,65
2022-08-12 16:19:00,66
2022-08-12 16:21:00,69
2022-08-12 16:23:00,65
2022-08-12 16:25:00,66
2022-08-12 16:27:00,66
2022-08-12 16:29:00,66
2022-08-12 16:31:00,68
2022-08-12 16:33:00,74
2022-08-12 16:35:00,63
2022-08-12 16:37:00,66
2022-08-12 16:39:00,65
2022-08-12 16:41:00,63
2022-08-12 16:43:00,66
2022-08-12 16:45:00,65
2022-08-12 16:47:00,65
2022-08-12 16:49:00,65
2022-08-12 16:51:00,66
2022-08-12 16:53:00,63
2022-08-12 16:55:00,67
2022-08-12 16:57:00,65
2022-08-12 16:59:00,65
2022-08-12 21:25:00,59
2022-08-12 21:27:00,58
2022-08-12 21:29:00,58
2022-08-12 21:31:00,59
2022-08-12 21:33:00,58
2022-08-12 21:35:00,57
2022-08-12 21:37:00,58
2022-08-12 21:39:00,61
2022-08-12 21:41:00,53
2022-08-12 21:43:00,58
2022-08-12 21:45:00,57
2022-08-12 22:53:00,58
2022-08-12 22:55:00,60
2022-08-12 22:57:00,58
2022-08-12 22:59:00,61
2022-08-12 23:01:00,60
2022-08-12 23:03:00,58
2022-08-12 23:05:00,59
2022-08-12 23:07:00,56
2022-08-12 23:09:00,62
2022-08-12 23:11:00,63
2022-08-12 23:13:00,57
2022-08-12 23:37:00,58
2022-08-12 23:39:00,63
2022-08-12 23:41:00,62
2022-08-12 23:43:00,66
2022-08-12 23:45:00,59
2022-08-12 23:47:00,59
2022-08-12 23:49:00,60
2022-08-12 23:51:00,61
2022-08-12 23:53:00,61
2022-08-12 23:55:00,60
2022-08-12 23:57:00,64
2022-08-13 00:43:00,60
2022-08-13 00:45:00,58
2022-08-13 00:47:00,59
2022-08-13 00:49:00,57
2022-08-13 00:51:00,55
2022-08-13 00:53:00,57
2022-08-13 00:55:00,56
2022-08-13 00:57:00,57
2022-08-13 00:59:00,60
2022-08-13 01:01:00,59
2022-08-13 01:03:00,57
2022-08-13 01:27:00,56
2022-08-13 01:29:00,52
2022-08-13 01:31:00,58
2022-08-13 01:33:00,55
2022-08-13 01:35:00,57
2022-08-13 01:37:00,55
2022-08-13 01:39:00,56
2022-08-13 01:41:00,56
2022-08-13 01:43:00,55
2022-08-13 01:45:00,56
2022-08-13 01:47:00,59
2022-08-13 01:49:00,56
2022-08-13 01:51:00,58
2022-08-13 01:53:00,58
2022-08-13 01:55:00,56
2022-08-13 01:57:00,52
2022-08-13 01:59:00,56
2022-08-13 02:01:00,60
2022-08-13 02:03:00,55
2022-08-13 02:05:00,57
2022-08-13 02:07:00,53
2022-08-13 02:09:00,52
2022-08-13 02:55:00,48
2022-08-13 02:57:00,55
2022-08-13 02:59:00,57
2022-08-13 03:01:00,51
2022-08-13 03:03:00,51
2022-08-13 03:05:00,52
2022-08-13 03:07:00,52
2022-08-13 03:09:00,54
2022-08-13 03:11:00,57
2022-08-13 03:13:00,55
2022-08-13 03:15:00,53
2022-08-13 03:17:00,47
2022-08-13 03:19:00,55
2022-08-13 03:21:00,55
2022-08-13 03:23:00,52
2022-08-13 03:25:00,53
2022-08-13 03:27:00,52
2022-08-13 03:29:00,51
2022-08-13 03:31:00,52
2022-08-13 03:33:00,53
2022-08-13 03:35:00,56
2022-08-13 03:37:00,48
2022-08-13 03:39:00,51
2022-08-13 03:41:00,54
2022-08-13 03:43:00,55
2022-08-13 03:45:00,55
2022-08-13 03:47:00,54
2022-08-13 03:49:00,48
2022-08-13 03:51:00,54
2022-08-13 03:53:00,54
2022-08-13 03:55:00,49
2022-08-13 03:57:00,52
2022-08-13 03:59:00,50
2022-08-13 05:29:00,54
2022-08-13 05:31:00,56
2022-08-13 05:33:00,56
2022-08-13 05:35:00,56
2022-08-13 05:37:00,58
2022-08-13 05:39:00,58
2022-08-13 05:41:00,54
2022-08-13 05:43:00,52
2022-08-13 05:45:00,57
2022-08-13 05:47:00,60
2022-08-13 05:49:00,57
2022-08-13 05:51:00,54
2022-08-13 05:53:00,53
2022-08-13 05:55:00,54
2022-08-13 05:57:00,61
2022-08-13 05:59:00,54
2022-08-13 06:01:00,59
2022-08-13 06:03:00,55
2022-08-13 06:05:00,57
2022-08-13 06:07:00,57
2022-08-13 06:09:00,56
2022-08-13 06:11:00,62
2022-08-13 07:19:00,60
2022-08-13 07:21:00,55
2022-08-13 07:23:00,51
2022-08-13 07:25:00,60
2022-08-13 07:27:00,60
2022-08-13 07:29:00,51
2022-08-13 07:31:00,57
2022-08-13 07:33:00,57
2022-08-13 07:35:00,54
2022-08-13 07:37:00,57
2022-08-13 07:39:00,55
2022-08-13 08:03:00,58
2022-08-13 08:05:00,56
2022-08-13 08:07:00,62
2022-08-13 08:09:00,55
2022-08-13 08:11:00,52
2022-08-13 08:13:00,55
2022-08-13 08:15:00,59
2022-08-13 08:17:00,59
2022-08-13 08:19:00,53
2022-08-13 08:21:00,60
2022-08-13 08:23:00,54
2022-08-13 08:47:00,55
2022-08-13 08:49:00,60
2022-08-13 08:51:00,60
2022-08-13 08:53:00,58
2022-08-13 08:55:00,59
2022-08-13 08:57:00,59
2022-08-13 08:59:00,51
2022-08-13 09:01:00,58
2022-08-13 09:03:00,61
2022-08-13 09:05:00,59
2022-08-13 09:07:00,61
2022-08-13 09:09:00,61
2022-08-13 09:33:00,61
2022-08-13 09:35:00,59
2022-08-13 09:37:00,61
2022-08-13 09:39:00,64
2022-08-13 09:41:00,58
2022-08-13 09:43:00,60
2022-08-13 09:45:00,62
2022-08-13 09:47:00,57
2022-08-13 09:49:00,59
2022-08-13 09:51:00,60
2022-08-13 09:53:00,57
2022-08-13 10:17:00,58
2022-08-13 10:19:00,59
2022-08-13 10:21:00,65
2022-08-13 10:23:00,60
2022-08-13 10:25:00,61
2022-08-13 10:27:00,62
2022-08-13 10:29:00,60
2022-08-13 10:31:00,59
2022-08-13 10:33:00,64
2022-08-13 10:35:00,63
2022-08-13 10:37:00,61
2022-08-13 10:39:00,65
2022-08-13 10:41:00,62
2022-08-13 10:43:00,63
2022-08-13 10:45:00,63
2022-08-13 10:47:00,61
2022-08-13 10:49:00,57
2022-08-13 10:51:00,67
2022-08-13 10:53:00,60
2022-08-13 10:55:00,58
2022-08-13 10:57:00,63
2022-08-13 10:59:00,57
2022-08-13 11:01:00,58
2022-08-13 11:03:00,64
2022-08-13 11:05:00,60
2022-08-13 11:07:00,62
2022-08-13 11:09:00,64
2022-08-13 11:11:00,62
2022-08-13 11:13:00,60
2022-08-13 11:15:00,64
2022-08-13 11:17:00,61
2022-08-13 11:19:00,64
2022-08-13 11:21:00,64
2022-08-13 12:07:00,57
2022-08-13 12:09:00,61
2022-08-13 12:11:00,63
2022-08-13 12:13:00,62
2022-08-13 12:15:00,61
2022-08-13 12:17:00,59
2022-08-13 12:19:00,58
2022-08-13 12:21:00,63
2022-08-13 12:23:00,62
2022-08-13 12:25:00,62
2022-08-13 12:27:00,64
2022-08-13 12:51:00,59
2022-08-13 12:53:00,58
2022-08-13 12:55:00,67
2022-08-13 12:57:00,63
2022-08-13 12:59:00,64
2022-08-13 13:01:00,62
2022-08-13 13:03:00,62
2022-08-13 13:05:00,58
2022-08-13 13:07:00,59
2022-08-13 13:09:00,61
2022-08-13 13:11:00,59
2022-08-13 13:13:00,68
2022-08-13 13:15:00,60
2022-08-13 13:17:00,61
2022-08-13 13:19:00,62
2022-08-13 13:21:00,63
2022-08-13 13:23:00,60
2022-08-13 13:25:00,58
2022-08-13 13:27:00,65
2022-08-13 13:29:00,60
2022-08-13 13:31:00,63
2022-08-13 13:33:00,67
2022-08-13 14:42:00,62
2022-08-13 14:44:00,60
2022-08-13 14:45:00,63
2022-08-13 14:48:00,57
2022-08-13 14:50:00,68
2022-08-13 14:52:00,66
2022-08-13 14:53:00,64
2022-08-13 14:56:00,62
2022-08-13 14:57:00,65
2022-08-13 15:00:00,62
2022-08-13 15:02:00,59
2022-08-13 16:10:00,63
2022-08-13 16:11:00,61
2022-08-13 16:14:00,62
2022-08-13 16:15:00,59
2022-08-13 16:17:00,60
2022-08-13 16:20:00,59
2022-08-13 16:21:00,63
2022-08-13 16:24:00,58
2022-08-13 16:25:00,57
2022-08-13 16:28:00,58
2022-08-13 16:30:00,57
2022-08-13 16:54:00,60
2022-08-13 16:56:00,63
2022-08-13 16:58:00,63
2022-08-13 17:00:00,64
2022-08-13 17:01:00,64
2022-08-13 17:04:00,64
2022-08-13 17:06:00,59
2022-08-13 17:07:00,58
2022-08-13 17:09:00,63
2022-08-13 17:11:00,62
2022-08-13 17:14:00,62
2022-08-13 18:00:00,59
2022-08-13 18:01:00,64
2022-08-13 18:03:00,61
2022-08-13 18:05:00,64
2022-08-13 18:08:00,62
2022-08-13 18:10:00,64
2022-08-13 18:12:00,61
2022-08-13 18:14:00,60
2022-08-13 18:16:00,63
2022-08-13 18:18:00,65
2022-08-13 18:20:00,61
2022-08-13 18:21:00,61
2022-08-13 18:24:00,61
2022-08-13 18:25:00,61
2022-08-13 18:28:00,62
2022-08-13 18:29:00,62
2022-08-13 18:31:00,59
2022-08-13 18:33:00,65
2022-08-13 18:35:00,60
2022-08-13 18:38:00,68
2022-08-13 18:39:00,62
2022-08-13 18:41:00,61
2022-08-13 19:06:00,59
2022-08-13 19:08:00,60
2022-08-13 19:10:00,63
2022-08-13 19:12:00,60
2022-08-13 19:14:00,55
2022-08-13 19:16:00,64
2022-08-13 19:18:00,62
2022-08-13 19:20:00,60
2022-08-13 19:22:00,63
2022-08-13 19:24:00,61
2022-08-13 19:26:00,61
2022-08-13 19:28:00,61
2022-08-13 19:30:00,60
2022-08-13 19:32:00,50
2022-08-13 19:34:00,58
2022-08-13 19:36:00,58
2022-08-13 19:38:00,61
2022-08-13 19:40:00,61
2022-08-13 19:42:00,61
2022-08-13 19:44:00,60
2022-08-13 19:46:00,61
2022-08-13 19:48:00,60
2022-08-13 20:12:00,59
2022-08-13 20:14:00,61
2022-08-13 20:16:00,59
2022-08-13 20:18:00,67
2022-08-13 20:20:00,55
2022-08-13 20:22:00,60
2022-08-13 20:24:00,63
2022-08-13 20:26:00,55
2022-08-13 20:28:00,60
2022-08-13 20:30:00,58
2022-08-13 20:32:00,56
2022-08-13 20:34:00,62
2022-08-13 20:36:00,57
2022-08-13 20:38:00,60
2022-08-13 20:40:00,63
2022-08-13 20:42:00,58
2022-08-13 20:44:00,57
2022-08-13 20:46:00,62
2022-08-13 20:48:00,59
2022-08-13 20:50:00,59
2022-08-13 20:52:00,60
2022-08-13 20:54:00,58
2022-08-13 20:56:00,54
2022-08-13 20:58:00,60
2022-08-13 21:00:00,60
2022-08-13 21:02:00,57
2022-08-13 21:04:00,64
2022-08-13 21:06:00,59
2022-08-13 21:08:00,56
2022-08-13 21:10:00,60
2022-08-13 21:11:00,61
2022-08-13 21:13:00,56
2022-08-13 21:16:00,60
2022-08-13 21:18:00,59
2022-08-13 21:20:00,56
2022-08-13 21:22:00,60
2022-08-13 21:24:00,57
2022-08-13 21:26:00,55
2022-08-13 21:28:00,57
2022-08-13 21:30:00,60
2022-08-13 21:32:00,54
2022-08-13 21:34:00,58
2022-08-13 21:36:00,60
2022-08-13 21:38:00,56
2022-08-13 22:01:00,59
2022-08-13 22:04:00,57
2022-08-13 22:05:00,58
2022-08-13 22:07:00,60
2022-08-13 22:09:00,57
2022-08-13 22:12:00,60
2022-08-13 22:14:00,55
2022-08-13 22:15:00,59
2022-08-13 22:17:00,54
2022-08-13 22:20:00,57
2022-08-13 22:22:00,58
2022-08-13 23:07:00,60
2022-08-13 23:10:00,57
2022-08-13 23:12:00,60
2022-08-13 23:14:00,59
2022-08-13 23:16:00,60
2022-08-13 23:18:00,57
2022-08-13 23:20:00,58
2022-08-13 23:22:00,57
2022-08-13 23:24:00,56
2022-08-13 23:26:00,61
2022-08-13 23:28:00,59
2022-08-13 23:29:00,60
2022-08-13 23:31:00,60
2022-08-13 23:34:00,61
2022-08-13 23:36:00,58
2022-08-13 23:37:00,55
2022-08-13 23:39:00,61
2022-08-13 23:42:00,59
2022-08-13 23:44:00,54
2022-08-13 23:45:00,58
2022-08-13 23:48:00,58
2022-08-13 23:50:00,60
2022-08-14 00:14:00,60
2022-08-14 00:16:00,60
2022-08-14 00:18:00,58
2022-08-14 00:20:00,55
2022-08-14 00:22:00,52
2022-08-14 00:24:00,53
2022-08-14 00:26:00,53
2022-08-14 00:28:00,56
2022-08-14 00:30:00,56
2022-08-14 00:32:00,55
2022-08-14 00:34:00,55
2022-08-14 00:36:00,54
2022-08-14 00:38:00,54
2022-08-14 00:40:00,55
2022-08-14 00:42:00,54
2022-08-14 00:44:00,57
2022-08-14 00:46:00,57
2022-08-14 00:48:00,57
2022-08-14 00:50:00,56
2022-08-14 00:52:00,56
2022-08-14 00:54:00,52
2022-08-14 00:56:00,50
2022-08-14 01:20:00,48
2022-08-14 01:22:00,52
2022-08-14 01:24:00,55
2022-08-14 01:26:00,54
2022-08-14 01:28:00,60
2022-08-14 01:30:00,53
2022-08-14 01:32:00,58
2022-08-14 01:34:00,56
2022-08-14 01:36:00,53
2022-08-14 01:38:00,57
2022-08-14 01:40:00,51
2022-08-14 04:16:00,50
2022-08-14 04:18:00,52
2022-08-14 04:20:00,52
2022-08-14 04:22:00,47
2022-08-14 04:24:00,47
2022-08-14 04:26:00,52
2022-08-14 04:28:00,49
2022-08-14 04:30:00,53
2022-08-14 04:32:00,50
2022-08-14 04:34:00,51
2022-08-14 04:36:00,52
2022-08-14 04:38:00,51
2022-08-14 04:40:00,50
2022-08-14 04:42:00,51
2022-08-14 04:44:00,52
2022-08-14 04:46:00,47
2022-08-14 04:48:00,48
2022-08-14 04:50:00,57
2022-08-14 04:52:00,52
2022-08-14 04:54:00,50
2022-08-14 04:56:00,47
2022-08-14 04:58:00,51
2022-08-14 06:05:00,51
2022-08-14 06:08:00,56
2022-08-14 06:09:00,58
2022-08-14 06:11:00,55
2022-08-14 06:13:00,54
2022-08-14 06:16:00,52
2022-08-14 06:17:00,54
2022-08-14 06:20:00,52
2022-08-14 06:21:00,57
2022-08-14 06:23:00,57
2022-08-14 06:25:00,58
2022-08-14 06:49:00,53
2022-08-14 06:51:00,64
2022-08-14 06:53:00,55
2022-08-14 06:56:00,58
2022-08-14 06:57:00,60
2022-08-14 06:59:00,55
2022-08-14 07:01:00,60
2022-08-14 07:03:00,57
2022-08-14 07:06:00,56
2022-08-14 07:07:00,56
2022-08-14 07:10:00,55
2022-08-14 08:18:00,62
2022-08-14 08:20:00,55
2022-08-14 08:22:00,52
2022-08-14 08:24:00,63
2022-08-14 08:26:00,53
2022-08-14 08:28:00,53
2022-08-14 08:30:00,58
2022-08-14 08:32:00,55
2022-08-14 08:34:00,58
2022-08-14 08:36:00,53
2022-08-14 08:38:00,54
2022-08-14 10:52:00,63
2022-08-14 10:54:00,59
2022-08-14 10:56:00,59
2022-08-14 10:58:00,61
2022-08-14 11:00:00,61
2022-08-14 11:02:00,60
2022-08-14 11:04:00,53
2022-08-14 11:06:00,60
2022-08-14 11:08:00,61
2022-08-14 11:10:00,55
2022-08-14 11:12:00,62
2022-08-14 13:26:00,61
2022-08-14 13:28:00,59
2022-08-14 13:30:00,60
2022-08-14 13:32:00,64
2022-08-14 13:34:00,59
2022-08-14 13:36:00,59
2022-08-14 13:38:00,62
2022-08-14 13:40:00,58
2022-08-14 13:42:00,63
2022-08-14 13:44:00,62
2022-08-14 13:46:00,61
2022-08-14 13:48:00,66
2022-08-14 13:50:00,61
2022-08-14 13:52:00,61
2022-08-14 13:54:00,62
2022-08-14 13:56:00,63
2022-08-14 13:58:00,64
2022-08-14 14:00:00,62
2022-08-14 14:02:00,66
2022-08-14 14:04:00,61
2022-08-14 14:06:00,67
2022-08-14 14:08:00,61
2022-08-14 14:10:00,63
2022-08-14 14:12:00,64
2022-08-14 14:14:00,61
2022-08-14 14:16:00,61
2022-08-14 14:18:00,65
2022-08-14 14:20:00,62
2022-08-14 14:22:00,65
2022-08-14 14:24:00,69
2022-08-14 14:26:00,64
2022-08-14 14:28:00,59
2022-08-14 14:30:00,64
2022-08-14 14:54:00,63
2022-08-14 14:56:00,65
2022-08-14 14:58:00,64
2022-08-14 15:00:00,64
2022-08-14 15:02:00,65
2022-08-14 15:04:00,56
2022-08-14 15:06:00,64
2022-08-14 15:08:00,64
2022-08-14 15:10:00,60
2022-08-14 15:12:00,63
2022-08-14 15:14:00,63
2022-08-14 15:16:00,60
2022-08-14 15:18:00,61
2022-08-14 15:19:00,62
2022-08-14 15:21:00,59
2022-08-14 15:24:00,62
2022-08-14 15:26:00,64
2022-08-14 15:28:00,61
2022-08-14 15:29:00,64
2022-08-14 15:32:00,61
2022-08-14 15:34:00,60
2022-08-14 15:36:00,61
2022-08-14 17:06:00,64
2022-08-14 17:08:00,66
2022-08-14 17:10:00,61
2022-08-14 17:12:00,66
2022-08-14 17:13:00,66
2022-08-14 17:15:00,62
2022-08-14 17:18:00,65
2022-08-14 17:20:00,63
2022-08-14 17:22:00,55
2022-08-14 17:24:00,58
2022-08-14 17:26:00,64
2022-08-14 20:02:00,61
2022-08-14 20:04:00,58
2022-08-14 20:06:00,63
2022-08-14 20:08:00,66
2022-08-14 20:10:00,57
2022-08-14 20:12:00,62
2022-08-14 20:14:00,64
2022-08-14 20:16:00,58
2022-08-14 20:18:00,62
2022-08-14 20:20:00,65
2022-08-14 20:22:00,63
2022-08-14 21:08:00,65
2022-08-14 21:10:00,59
2022-08-14 21:12:00,60
2022-08-14 21:14:00,63
2022-08-14 21:16:00,57
2022-08-14 21:18:00,61
2022-08-14 21:20:00,62
2022-08-14 21:22:00,59
2022-08-14 21:24:00,61
2022-08-14 21:26:00,63
2022-08-14 21:28:00,59

